node_index,fraud_probability
155770,1.0
158895,1.0
166312,1.0
158684,1.0
157205,0.9999999
194068,0.9999999
172649,0.9999999
155035,0.9999999
132832,0.9999999
185209,0.9999999
156235,0.9999999
188301,0.9999999
72016,0.99999976
173708,0.99999976
135118,0.99999976
171881,0.99999976
117121,0.99999964
160387,0.99999964
134402,0.99999964
81810,0.99999964
120656,0.9999995
49897,0.9999995
121781,0.9999995
146108,0.9999995
167800,0.9999995
135560,0.9999995
177934,0.9999995
128493,0.9999994
169826,0.9999994
155849,0.9999994
177167,0.9999994
129880,0.9999994
77983,0.9999994
127204,0.9999994
178584,0.9999994
147713,0.9999993
135838,0.9999993
117857,0.9999993
139323,0.9999993
69058,0.9999993
130614,0.9999993
189998,0.9999993
178839,0.99999917
189037,0.99999917
173824,0.99999905
178790,0.99999905
99548,0.99999905
198073,0.99999905
117897,0.9999989
173818,0.9999989
135662,0.9999989
104926,0.9999988
166437,0.9999988
92951,0.9999988
174074,0.9999988
172422,0.9999987
107615,0.9999987
164279,0.9999987
141249,0.9999987
84403,0.99999857
139841,0.99999857
89186,0.99999857
159003,0.99999857
116365,0.99999845
98218,0.99999833
192694,0.9999982
171824,0.9999982
168101,0.9999982
129104,0.9999981
155400,0.9999981
139650,0.999998
164214,0.999998
172463,0.999998
168469,0.999998
128659,0.99999785
176686,0.99999785
172205,0.99999774
177896,0.99999774
161360,0.9999976
190500,0.9999976
111043,0.9999974
134698,0.9999974
93561,0.999997
179865,0.999997
113704,0.9999969
61249,0.9999969
159151,0.9999969
192687,0.9999969
44302,0.9999969
172096,0.9999969
176758,0.9999968
157153,0.9999968
172774,0.99999666
166761,0.99999654
155386,0.99999654
128575,0.99999654
152661,0.9999964
169713,0.9999962
175994,0.9999962
157554,0.9999962
175427,0.99999607
167613,0.99999595
116174,0.9999958
72782,0.99999547
128054,0.99999535
156556,0.99999535
161362,0.99999523
161682,0.99999523
173227,0.999995
198112,0.99999475
166935,0.99999475
130318,0.99999464
92118,0.9999944
45301,0.99999416
176940,0.9999939
168956,0.9999939
129492,0.9999939
195095,0.99999344
163773,0.99999344
142299,0.99999297
99003,0.9999925
148972,0.9999925
146006,0.9999925
99364,0.9999924
134292,0.99999225
191305,0.999992
178889,0.999992
165415,0.9999919
191254,0.9999919
191945,0.9999918
163091,0.9999914
195359,0.99999094
102454,0.9999908
92296,0.9999908
192130,0.99999034
111063,0.9999901
100116,0.99999
165480,0.99998975
161437,0.9999896
190176,0.9999895
154581,0.9999895
182644,0.9999895
165041,0.9999894
136177,0.99998915
129779,0.99998903
143861,0.9999889
144646,0.99998856
177596,0.99998844
143641,0.9999883
127901,0.9999877
128768,0.9999875
110367,0.9999875
195033,0.9999871
162253,0.9999871
45822,0.999987
196196,0.9999865
162497,0.99998593
80001,0.99998593
130580,0.9999858
146645,0.9999857
77710,0.99998546
128468,0.999985
165126,0.9999845
194427,0.99998415
148499,0.99998415
191015,0.999984
147888,0.9999839
192996,0.9999833
191969,0.99998283
164479,0.9999827
162791,0.9999813
162771,0.99998116
156410,0.99998116
84887,0.99998105
147759,0.99998105
166908,0.9999808
166840,0.9999808
42898,0.9999808
197050,0.9999807
197925,0.99998045
178963,0.9999802
195719,0.9999801
155445,0.9999801
192659,0.99997985
178787,0.9999796
124716,0.9999794
124329,0.99997926
195939,0.999979
93020,0.99997866
195701,0.9999777
196636,0.9999776
146625,0.99997735
164282,0.9999769
157262,0.99997675
198260,0.9999765
111638,0.9999764
198290,0.9999763
159633,0.99997556
160238,0.99997544
162735,0.9999753
116154,0.9999751
107090,0.9999746
166659,0.9999745
166252,0.99997413
178445,0.999974
131924,0.9999733
165434,0.9999727
155611,0.9999726
165308,0.99997246
179143,0.999972
135098,0.99997187
156232,0.9999714
193928,0.9999713
141911,0.9999702
127479,0.9999696
145548,0.99996936
142169,0.99996924
161142,0.99996924
157008,0.9999691
135860,0.99996877
194758,0.9999682
147381,0.9999676
146729,0.9999664
179073,0.9999664
43821,0.99996555
45889,0.99996436
45649,0.9999639
31454,0.99996376
164496,0.9999621
83352,0.99996185
159407,0.9999616
160185,0.9999608
196025,0.9999608
134070,0.9999603
144139,0.9999598
176879,0.9999596
160561,0.99995947
23948,0.9999591
156451,0.999959
165044,0.9999589
121678,0.9999589
183614,0.9999579
198337,0.9999578
147050,0.99995756
174043,0.99995744
157225,0.9999572
160746,0.9999572
163858,0.9999566
153378,0.99995625
157235,0.99995613
176537,0.9999534
192993,0.9999509
160258,0.9999509
164396,0.9999504
155117,0.9999503
168240,0.9999492
191861,0.9999486
163395,0.9999474
185054,0.9999472
145426,0.9999472
126642,0.99994683
178212,0.999946
142664,0.9999459
67371,0.99994564
144275,0.9999455
134452,0.9999443
148001,0.999944
165391,0.99994326
195594,0.9999416
164085,0.9999404
165345,0.99994004
153373,0.99993765
164910,0.9999373
178623,0.9999355
129925,0.99993384
148158,0.99993265
44901,0.99992955
114811,0.99992955
157046,0.9999293
143005,0.9999286
181494,0.99992824
156044,0.9999256
162669,0.99992454
161122,0.99992037
142825,0.99992
191711,0.99992
148079,0.9999192
147109,0.99991834
192009,0.99991834
191629,0.9999181
179079,0.9999175
151857,0.99991727
164323,0.99991715
145474,0.99991703
134771,0.9999149
143373,0.9999145
163104,0.9999144
166492,0.9999136
77943,0.9999131
23338,0.999913
155922,0.99991226
183875,0.9999119
145002,0.99990916
156318,0.99990857
103642,0.999908
142420,0.9999075
133568,0.99990666
125739,0.9999062
152574,0.99990594
90973,0.999905
140948,0.9999027
154271,0.99990165
165740,0.99990046
134800,0.99989986
178481,0.99989974
61900,0.9998989
166116,0.9998989
61240,0.9998988
63324,0.9998963
62918,0.99989617
88493,0.9998958
154820,0.9998956
166602,0.99989486
190795,0.99989367
143285,0.9998933
154824,0.99989307
157749,0.99989176
161138,0.9998894
173385,0.9998878
174146,0.99988747
183740,0.9998872
142891,0.999887
153040,0.9998858
149167,0.9998838
140922,0.9998838
164460,0.9998827
42932,0.9998821
156585,0.99988115
143315,0.9998809
191653,0.9998803
190484,0.9998801
160640,0.99987996
136060,0.9998776
42022,0.999877
191985,0.99987626
55435,0.99987566
146881,0.9998735
140682,0.9998727
162075,0.9998727
98451,0.99987257
166085,0.99987245
68964,0.99987125
97264,0.9998709
175094,0.9998678
70002,0.99986637
145445,0.99986625
189707,0.9998661
82158,0.9998654
143887,0.9998627
140057,0.99986184
192227,0.9998599
160783,0.999858
144512,0.99985707
159621,0.99985564
171938,0.99985504
166793,0.9998543
158572,0.9998541
154514,0.9998535
148076,0.99985325
147244,0.99985313
155177,0.999853
144402,0.9998512
153310,0.9998504
157409,0.99985003
166770,0.99984825
156168,0.99984765
151961,0.99984586
56539,0.99984527
147283,0.9998424
175549,0.9998416
146296,0.99984145
178536,0.9998406
147940,0.9998406
142002,0.99983966
141079,0.9998393
144620,0.99983716
183363,0.9998361
138309,0.9998342
68285,0.99983394
156682,0.9998317
178917,0.99982774
153431,0.9998227
175910,0.99982053
117753,0.9998202
179423,0.9998186
53743,0.9998179
148181,0.99981517
190339,0.9998136
35810,0.9998135
155272,0.9998135
166885,0.99981314
191931,0.99981207
141775,0.9998099
65740,0.9998061
56776,0.99980325
171543,0.999801
152279,0.9998004
62190,0.99979955
121187,0.9997975
166341,0.9997962
157415,0.99979407
162661,0.99978954
45723,0.99978334
70339,0.9997824
150941,0.9997824
190718,0.9997811
147957,0.99978036
53372,0.99977964
63316,0.99977964
65712,0.99977785
172603,0.9997762
187821,0.99977463
42067,0.99977154
145802,0.9997675
170767,0.9997657
17304,0.99976534
102817,0.999765
52871,0.99976426
187788,0.99976224
197599,0.9997621
74610,0.99976104
178360,0.99976057
101311,0.99975914
190661,0.99975353
175949,0.9997533
143722,0.9997532
178751,0.9997522
77633,0.99975175
129868,0.99974984
132654,0.9997495
164588,0.99974936
60715,0.99974555
160828,0.9997428
143621,0.9997427
177115,0.9997421
59198,0.9997414
57310,0.9997303
147544,0.99972874
178223,0.9997255
155784,0.99972504
120502,0.9997228
147143,0.99972194
154759,0.99972004
183728,0.99971884
156166,0.9997186
58141,0.9997186
165262,0.9997173
113102,0.9997149
120700,0.9997143
62477,0.99971217
171256,0.9997106
87919,0.99970895
151748,0.99970824
53263,0.9997043
194886,0.99970335
178834,0.9997031
134285,0.9997017
135079,0.9997012
181544,0.99970067
56071,0.9996995
142413,0.9996954
145853,0.99969447
149421,0.9996908
146541,0.9996896
148037,0.99968934
128162,0.9996892
132259,0.9996817
192767,0.9996815
69736,0.9996798
58358,0.9996772
183985,0.9996768
55245,0.9996755
146566,0.9996754
60628,0.9996737
66809,0.9996731
178817,0.9996729
60609,0.9996711
43489,0.9996704
93046,0.99966836
142098,0.99966705
57959,0.9996655
165810,0.9996648
166920,0.99966466
187868,0.9996643
52562,0.9996642
166110,0.9996637
166791,0.9996631
72108,0.9996618
50175,0.99965894
67905,0.9996569
151431,0.99964976
191636,0.9996476
112678,0.999647
77085,0.99964356
61206,0.9996431
93755,0.9996407
150923,0.9996401
147925,0.9996357
145386,0.99963546
69383,0.9996331
146206,0.99963236
163329,0.9996301
111179,0.99963
190292,0.99962974
18084,0.9996284
178991,0.99962807
113357,0.99962664
79301,0.99962616
45368,0.9996247
123032,0.99962366
142194,0.99961746
57630,0.99961436
177477,0.99961436
142707,0.9996138
162525,0.9996119
179940,0.9996119
68897,0.99961156
192425,0.9996107
70651,0.99960655
110429,0.99960643
68908,0.99960417
63022,0.9996032
109501,0.9996025
135650,0.99960226
160888,0.9996006
151458,0.9995993
148132,0.9995963
172274,0.9995958
155443,0.999592
55891,0.9995907
63766,0.9995889
101339,0.99958783
108371,0.9995877
43689,0.99958724
146245,0.9995789
146573,0.99957854
160094,0.99957675
52974,0.9995745
145312,0.999572
164148,0.9995714
72806,0.9995697
76802,0.999569
135144,0.99956554
100946,0.99956447
53667,0.9995622
190741,0.999561
150320,0.9995598
134785,0.9995591
136093,0.999559
192617,0.99955684
82548,0.99955565
116999,0.9995553
191858,0.99955493
101052,0.999554
143068,0.99955326
53873,0.99955267
55839,0.99955076
19071,0.9995505
164577,0.9995491
144105,0.999549
178499,0.99954814
49396,0.9995473
129378,0.9995449
67214,0.9995427
161123,0.9995376
118919,0.9995376
184156,0.999537
169757,0.9995321
103272,0.9995308
65046,0.99952996
37640,0.9995296
153336,0.9995254
157459,0.99952376
141548,0.99951994
143522,0.99951863
151338,0.9995184
63680,0.9995178
153882,0.99951744
190139,0.9995146
69782,0.99951303
129115,0.9995121
57819,0.9995117
46224,0.9995096
142394,0.99950874
190956,0.9995086
122505,0.9995073
111240,0.99950516
101891,0.9995047
139104,0.999501
166138,0.99950063
2419,0.99950016
130357,0.99949825
66532,0.99949765
76865,0.9994973
159150,0.9994949
59733,0.9994924
147711,0.9994923
192929,0.9994912
121586,0.999491
57445,0.9994885
85212,0.99948657
143314,0.99948514
87327,0.9994848
155912,0.9994844
97823,0.99948335
160873,0.99947995
176644,0.99947697
100798,0.9994765
156020,0.9994741
121054,0.9994729
165944,0.9994709
166244,0.99947065
163947,0.99946743
143271,0.99946564
46143,0.9994609
169297,0.99946064
175138,0.99945956
184631,0.99945945
57062,0.9994578
100973,0.9994567
100801,0.9994562
57835,0.99945456
56521,0.99945396
92151,0.9994516
68426,0.99944645
111494,0.99944216
43397,0.9994418
145287,0.9994412
45061,0.9994393
144707,0.9994387
195849,0.99943715
147427,0.9994349
121107,0.9994332
130092,0.99943095
61389,0.999424
59134,0.9994228
55056,0.9994204
142018,0.99941874
67316,0.99941874
181598,0.99941516
155646,0.99941325
61093,0.9994086
192824,0.9994054
166346,0.9994031
75097,0.9994017
103776,0.9993961
142610,0.99939585
94008,0.99939084
153685,0.99938905
155195,0.9993839
104567,0.999383
144943,0.99938047
147319,0.99937963
64125,0.9993748
171373,0.9993716
145012,0.9993679
68414,0.9993679
119305,0.9993649
192458,0.99935824
62485,0.99935764
145653,0.99935037
88624,0.99934834
179101,0.99934334
119327,0.999343
59295,0.9993394
89449,0.9993388
175706,0.9993343
74348,0.9993332
112580,0.99932826
142099,0.9993186
147689,0.9993168
103423,0.9993168
155043,0.99931645
86814,0.9993161
166258,0.99931455
173663,0.9993129
127529,0.9993125
163649,0.9992995
96695,0.99929774
161779,0.9992955
155141,0.99929464
120965,0.9992944
140244,0.9992913
138273,0.9992894
81352,0.99927944
177330,0.99927324
67076,0.99927205
133247,0.9992675
174822,0.9992661
67904,0.99926096
156085,0.99926037
45998,0.9992599
165888,0.9992592
156483,0.99925846
112150,0.99925774
100799,0.9992532
145412,0.9992525
121653,0.9992518
165580,0.9992507
154002,0.99925023
34805,0.99925023
176388,0.99924964
129114,0.9992487
124969,0.9992473
89049,0.999244
61918,0.99924266
166619,0.9992411
164330,0.9992411
116724,0.99924004
91320,0.9992329
147812,0.99922955
142761,0.99922633
165713,0.999226
56772,0.99922526
164425,0.99922097
120119,0.9992207
135108,0.9992163
61997,0.9992118
190862,0.9992113
147929,0.9992095
69142,0.999209
64413,0.99920815
54292,0.9992066
57139,0.999206
132108,0.99920315
135528,0.99920136
117435,0.99919945
138413,0.9991941
120874,0.9991928
172821,0.99919146
72272,0.9991897
183440,0.9991875
147953,0.99918586
87806,0.9991819
133720,0.9991804
136372,0.9991799
89535,0.9991775
64559,0.9991769
79146,0.9991755
144642,0.99917525
69104,0.99917066
157109,0.99916995
119497,0.99916947
140256,0.99916935
88014,0.99916697
45795,0.99916613
88453,0.99916387
169797,0.99916315
110204,0.99916315
161321,0.99916077
160560,0.9991566
191274,0.9991542
134830,0.9991529
44349,0.9991529
80882,0.9991516
190008,0.9991487
137769,0.99914813
6049,0.99914634
177846,0.99914515
153415,0.99914384
142224,0.9991423
59587,0.99914205
147534,0.9991351
94786,0.9991309
175934,0.9991264
144036,0.9991259
106440,0.99912566
48907,0.999124
60043,0.99912316
105931,0.9991228
154014,0.99911946
165680,0.9991177
96373,0.9991129
154371,0.99910295
124215,0.9990989
81782,0.9990983
175439,0.9990939
141563,0.99909234
129638,0.9990916
152627,0.9990909
93486,0.99908984
65117,0.99908614
162280,0.99908245
47600,0.9990823
113047,0.9990814
165219,0.9990808
165490,0.9990783
54420,0.9990758
63328,0.9990746
135833,0.99907446
103856,0.9990722
192590,0.99906605
160658,0.9990613
153881,0.99906105
64596,0.99906045
164217,0.99905854
76678,0.9990571
104313,0.99905676
156013,0.99904996
192479,0.9990491
159051,0.9990484
70653,0.99904686
112869,0.9990466
93428,0.9990445
109339,0.99904317
171565,0.999042
122289,0.99904186
164748,0.99904126
147261,0.999041
134004,0.9990403
127847,0.99903935
9431,0.99903905
141190,0.9990374
162923,0.9990363
89974,0.9990361
153039,0.9990318
82946,0.99903154
67756,0.9990281
118328,0.9990246
66309,0.99902344
57979,0.9990165
149845,0.99901605
86562,0.99901366
127766,0.9990108
45179,0.9990095
59554,0.9990073
53872,0.9990062
140071,0.99900204
165554,0.99900013
195481,0.999
68759,0.9989987
136825,0.9989974
109536,0.9989888
97356,0.99898726
79803,0.9989839
71196,0.9989826
47738,0.9989819
138397,0.9989802
90631,0.99898
58996,0.9989793
149673,0.99897695
147926,0.99897337
42257,0.9989728
129364,0.9989728
68967,0.9989705
56873,0.9989693
169023,0.9989666
66857,0.99896467
46769,0.99896395
78954,0.9989623
166580,0.9989605
82882,0.99895966
61665,0.9989587
135440,0.99895823
59222,0.9989579
59225,0.9989579
54664,0.9989544
54247,0.9989525
163274,0.99895227
76709,0.998946
165618,0.99894553
127238,0.9989436
139601,0.9989405
191178,0.99894005
66825,0.99893504
122554,0.9989317
121985,0.99892956
121869,0.99892956
171980,0.99892634
103239,0.9989237
64179,0.99892277
114947,0.99891937
121327,0.99891925
49703,0.99891925
64062,0.9989184
57059,0.99891686
117797,0.99891627
166382,0.998914
163259,0.9989135
77480,0.998911
65063,0.99891055
100160,0.9989102
56836,0.9989096
93903,0.9989054
57298,0.99890435
97984,0.99890363
67300,0.9988973
81937,0.9988973
61258,0.9988955
93005,0.99889416
154909,0.99889225
169256,0.99889034
117603,0.9988883
24731,0.9988859
44651,0.9988857
66883,0.9988852
164729,0.99888486
54256,0.9988807
65578,0.9988771
133385,0.9988745
119686,0.99887365
148565,0.9988695
143340,0.9988691
109787,0.9988625
42156,0.9988589
149266,0.9988589
90506,0.9988588
93392,0.9988532
80114,0.9988495
78527,0.9988494
63830,0.99884856
51823,0.99884254
89092,0.9988416
58348,0.99883944
148389,0.9988379
52671,0.9988379
152293,0.9988368
42776,0.99883395
77035,0.9988336
101957,0.9988311
136948,0.99883074
36214,0.99882597
59459,0.9988254
62194,0.9988249
59091,0.9988175
77565,0.9988174
134863,0.9988158
89179,0.99881554
58094,0.99881434
97751,0.99881065
150924,0.9988104
92480,0.9988073
53677,0.9988066
146438,0.9988041
124167,0.9988028
41529,0.99880004
68518,0.99879956
79194,0.9987987
172922,0.99878937
145987,0.99878424
11298,0.99878365
153317,0.998782
117313,0.9987808
179006,0.99878055
69100,0.9987801
109623,0.99877745
63184,0.99877673
58303,0.998776
163834,0.9987657
146910,0.99876475
156725,0.99876356
89224,0.9987633
147344,0.99876285
64116,0.9987607
153776,0.99875975
64396,0.9987582
89769,0.99875677
141118,0.99875486
89594,0.99875474
155182,0.9987546
165773,0.9987469
144654,0.9987447
163781,0.9987419
97564,0.99874026
122815,0.99873585
94164,0.99873525
163394,0.99872917
173841,0.9987288
63380,0.998728
146754,0.99872524
65007,0.99871993
46320,0.998718
60268,0.9987166
94904,0.99871075
112615,0.99870634
60058,0.9987061
73267,0.9987036
100567,0.99870265
60854,0.9987024
95082,0.99870217
77540,0.998701
103782,0.99870074
137049,0.9986958
70807,0.9986929
81629,0.99868923
44061,0.99868816
135678,0.99868566
146418,0.99868554
102504,0.9986853
193617,0.99868244
171517,0.9986822
166806,0.9986759
67678,0.99867576
61113,0.9986733
93088,0.9986731
65024,0.99867296
190459,0.9986726
122032,0.9986687
51015,0.99866736
2195,0.9986669
64615,0.9986619
68214,0.99866164
116692,0.99865973
155295,0.9986589
60382,0.9986547
68332,0.99865377
91507,0.9986507
123969,0.99865013
55524,0.99864966
48090,0.9986487
90268,0.99864787
147642,0.99864775
61010,0.99864584
62096,0.99864584
58219,0.99864584
61508,0.99864584
146476,0.99864453
48242,0.9986419
113535,0.99863654
176157,0.998635
177016,0.9986343
162615,0.99863404
120362,0.99862814
89018,0.99862707
136756,0.99862504
147542,0.9986241
46017,0.9986235
137948,0.9986228
65548,0.9986224
81984,0.9986206
134774,0.99861693
155426,0.9986166
136171,0.9986142
77271,0.99861133
86279,0.9986094
116357,0.99860865
158403,0.9986064
67796,0.9986047
58938,0.998604
55916,0.99860185
55912,0.9986016
76724,0.9985983
121478,0.99859625
84957,0.99859625
58869,0.99859613
61702,0.9985928
52673,0.9985917
97313,0.9985916
117706,0.9985877
136029,0.9985869
189961,0.9985846
153109,0.99856997
146907,0.9985683
116791,0.9985676
165225,0.99856746
58016,0.9985672
110970,0.9985656
165886,0.9985624
119750,0.99856085
90848,0.99855906
50529,0.9985561
64279,0.9985545
147842,0.9985506
73002,0.99855024
163399,0.9985464
164082,0.99854624
160076,0.998546
142796,0.9985454
64920,0.9985447
142506,0.9985422
92467,0.99854195
58463,0.9985404
134174,0.9985391
191821,0.9985362
88965,0.99853325
75490,0.9985311
61544,0.9985291
70782,0.99852693
65258,0.9985222
135658,0.998522
117996,0.9985215
151821,0.99851745
111861,0.9985171
163381,0.9985154
135210,0.9985121
113758,0.99851125
125731,0.9985033
138820,0.9985008
57624,0.9985001
123197,0.9984933
127045,0.99849296
76997,0.9984926
178712,0.9984909
111321,0.99848914
146860,0.9984882
71599,0.998487
64366,0.9984849
36979,0.9984842
162631,0.9984837
138228,0.99848
61313,0.99847573
116623,0.9984699
178453,0.9984692
55380,0.99846715
74122,0.99846625
147081,0.99846363
93866,0.9984547
121587,0.9984529
158144,0.99845266
174331,0.9984517
120189,0.9984509
54366,0.9984504
151446,0.9984504
133942,0.99845004
77491,0.99844617
140728,0.99844474
70791,0.9984444
6477,0.9984427
78220,0.99844056
162849,0.99843985
44888,0.99843544
172472,0.9984347
56757,0.9984322
118716,0.998432
64082,0.9984285
56834,0.99842834
168649,0.9984275
74113,0.9984275
63185,0.99842703
73275,0.9984267
80452,0.99842227
110116,0.9984205
126744,0.99841213
159951,0.99840885
54628,0.99840873
119512,0.9984042
100158,0.9984029
117012,0.9984028
43817,0.9984016
178432,0.9984003
153176,0.9983998
67846,0.99839896
83730,0.99839634
102940,0.99839103
63674,0.9983866
141438,0.9983854
175692,0.9983783
42922,0.99837226
129783,0.99837047
91042,0.99837023
138785,0.99836916
102883,0.99836785
122075,0.99835986
160321,0.9983576
75253,0.99835616
59669,0.99835455
113331,0.99835324
153961,0.99835014
82357,0.99834967
69203,0.99834955
60512,0.99834883
46273,0.99834883
82377,0.99834704
82365,0.9983442
58022,0.99834347
130595,0.9983429
14735,0.99833894
112748,0.99833566
118670,0.99833554
90505,0.99833506
163221,0.99833435
126894,0.99833137
59247,0.99833065
86602,0.9983271
118954,0.99832696
113673,0.9983253
171926,0.9983246
150634,0.9983246
121109,0.9983242
97818,0.99832004
143361,0.9983191
145111,0.9983175
35588,0.9983156
162509,0.99831474
179353,0.9983146
15544,0.9983138
122715,0.9983103
144151,0.9983101
147735,0.99830806
63695,0.9983063
55926,0.9983053
15006,0.99830306
103886,0.9983014
86341,0.9983005
89912,0.9982926
88265,0.9982919
145084,0.9982917
170274,0.99829096
100151,0.9982895
61886,0.99828845
122575,0.9982882
83650,0.99828774
77574,0.99828374
63406,0.998283
62899,0.998283
150154,0.9982821
122464,0.9982784
109903,0.9982728
87791,0.9982724
92329,0.9982686
67342,0.99826705
53649,0.9982657
153691,0.99826294
165171,0.9982627
144787,0.99826163
111336,0.9982609
145116,0.99825805
145878,0.99825317
93987,0.99824774
62305,0.9982476
108963,0.998245
71362,0.9982414
148030,0.9982393
62881,0.9982344
63052,0.99823296
62777,0.99823254
157553,0.99823076
144670,0.9982235
74473,0.99822336
170250,0.9982181
129036,0.9982126
78819,0.99820673
118423,0.9982008
120236,0.9981982
67915,0.9981975
93312,0.9981933
81770,0.99819
86756,0.9981894
147652,0.99818856
143845,0.99818677
138075,0.99818546
65810,0.9981811
146312,0.998178
61094,0.9981767
48542,0.9981736
88507,0.99817157
156008,0.9981712
70035,0.998171
58079,0.99817026
157929,0.99816823
27631,0.9981673
135097,0.99816567
91893,0.9981629
109868,0.99816114
148008,0.99816066
167296,0.9981596
56504,0.9981579
121937,0.99815613
57925,0.9981546
67364,0.99815434
56153,0.99815196
201087,0.9981468
58026,0.99814653
117458,0.9981452
145539,0.9981446
37498,0.99814236
120209,0.9981402
50681,0.9981395
177774,0.9981389
153729,0.99813735
80292,0.99813545
190095,0.99813443
112674,0.9981263
44790,0.9981255
66685,0.9981243
91354,0.9981229
77997,0.99811894
59947,0.9981188
72678,0.9981179
129842,0.9981172
146695,0.99811685
62307,0.9981159
62317,0.99811554
134957,0.9981135
140646,0.9981133
145355,0.9981103
62826,0.9981098
60374,0.9981072
82634,0.9981071
58095,0.9981006
119011,0.9980989
89939,0.9980987
90604,0.9980934
168261,0.9980934
38457,0.9980925
60812,0.99809164
62136,0.99808705
79546,0.99808514
80426,0.998085
45095,0.99808455
65536,0.99808323
174354,0.99808323
41186,0.9980782
161665,0.9980781
119188,0.998071
122809,0.9980697
145191,0.9980671
200461,0.99806386
117997,0.99806076
75461,0.9980598
164689,0.9980597
168920,0.9980558
170870,0.99805546
110255,0.99805486
66636,0.99805427
91852,0.99805343
143518,0.99805284
62159,0.9980527
161263,0.99805224
129187,0.998052
88174,0.99804926
57136,0.9980422
195745,0.99803644
176777,0.998035
82458,0.9980313
82714,0.9980311
81650,0.99803025
80372,0.99802953
82251,0.9980276
148007,0.9980275
58451,0.998027
73273,0.99802643
163558,0.9980228
145008,0.9980227
143586,0.9980192
51752,0.998019
145283,0.9980166
54215,0.9980154
75992,0.9980117
87974,0.9980108
65225,0.9980101
125833,0.9980101
83228,0.9980045
166506,0.9980026
112721,0.9979997
89156,0.9979995
146189,0.9979995
164887,0.9979966
58415,0.9979956
165957,0.9979892
119568,0.9979861
92860,0.9979843
56270,0.99798226
64415,0.9979792
193150,0.9979772
90056,0.9979729
57060,0.9979717
61107,0.99797124
128679,0.9979668
121081,0.99796295
139109,0.99795914
165367,0.997957
78727,0.99795204
142888,0.9979479
169123,0.9979367
70893,0.9979285
57102,0.99792826
146194,0.9979274
93519,0.9979272
67631,0.997922
81210,0.9979219
55871,0.99792093
138174,0.99791175
140053,0.99790984
60420,0.9979096
68407,0.99790585
110516,0.99790263
129144,0.99790204
137402,0.99790025
3356,0.9979
54699,0.99789447
138185,0.9978829
146782,0.99788266
68874,0.997877
24110,0.9978769
113723,0.99787474
69601,0.99787176
142463,0.99786854
163319,0.9978683
80584,0.9978678
85205,0.9978638
101633,0.9978561
74193,0.99785596
124388,0.9978543
109022,0.99785197
81234,0.997851
50911,0.9978503
69734,0.9978498
79859,0.99784863
58816,0.9978454
122841,0.9978453
73715,0.99784493
191789,0.9978435
56441,0.99784315
89463,0.99784184
117347,0.9978376
161069,0.99783343
126381,0.9978332
116801,0.99783045
64227,0.9978295
55189,0.99782515
15497,0.9978205
121790,0.99781895
79329,0.9978149
54784,0.99781066
98929,0.9978066
149176,0.99780494
82731,0.9978035
144254,0.9977991
119448,0.9977937
60578,0.9977926
139960,0.99779105
181655,0.9977908
146912,0.99778914
141541,0.99778605
119362,0.9977852
7716,0.997783
119266,0.9977822
155412,0.99778086
86745,0.9977806
176312,0.99777895
147166,0.99777764
24079,0.9977768
65984,0.99777645
165684,0.9977763
166835,0.9977762
147477,0.99777323
160298,0.99777263
144956,0.9977639
165125,0.99776375
84170,0.99775934
66105,0.9977584
143103,0.9977527
53554,0.9977514
112982,0.9977487
40505,0.9977469
120674,0.99774665
190486,0.99774617
110251,0.9977451
173068,0.9977392
58413,0.9977192
118284,0.9977157
122177,0.9977143
141244,0.9977133
175700,0.99771225
99299,0.9977087
62687,0.99770856
178936,0.9977077
34806,0.9977068
90846,0.997703
85755,0.99770135
136099,0.9976987
154021,0.9976986
45731,0.99769837
118140,0.99769753
121791,0.9976973
167094,0.99769634
136176,0.997696
164133,0.9976955
84944,0.9976942
151482,0.9976941
118447,0.9976921
177290,0.99769175
117199,0.9976915
3672,0.99769104
119752,0.9976877
95909,0.9976827
154013,0.99767774
182366,0.99767095
42406,0.9976708
159978,0.9976706
82024,0.99766797
91460,0.99766773
47783,0.9976653
67824,0.99766314
129032,0.9976566
51848,0.9976441
129915,0.99763954
135513,0.9976349
66473,0.99763215
119577,0.99763095
154882,0.9976278
170549,0.99762195
94308,0.9976216
155365,0.99762124
103232,0.99762124
129274,0.99761593
55769,0.9976156
88071,0.99761486
177296,0.9976138
104361,0.99761117
100713,0.99761
98705,0.99760854
57242,0.99760723
55010,0.9976043
162142,0.9976031
57272,0.99760085
60250,0.9975999
104125,0.99759895
56535,0.99759644
123100,0.99759525
119283,0.9975948
56123,0.99758875
129070,0.99758863
71318,0.99758816
118099,0.99758697
171139,0.9975866
89737,0.99758613
120192,0.99758506
117808,0.9975848
118010,0.9975827
126848,0.99757963
114748,0.997575
122559,0.9975731
49276,0.99756753
144510,0.99756575
67024,0.9975585
43442,0.99755836
147856,0.997558
80616,0.99755764
49728,0.9975574
43282,0.9975573
44647,0.99755716
139874,0.99755573
61587,0.9975521
121817,0.99755186
42783,0.9975515
88961,0.99754876
173006,0.99754876
50170,0.99754566
92803,0.99754375
105384,0.9975393
130110,0.99753714
51912,0.9975357
61878,0.9975298
90870,0.99752957
69091,0.9975262
98433,0.9975228
68703,0.99752134
166564,0.99752027
88979,0.9975198
56081,0.9975177
103439,0.9975171
13479,0.9975141
170229,0.9975127
126822,0.9975122
103412,0.99750817
194220,0.9975068
124784,0.99750346
62940,0.9974988
53561,0.9974948
122136,0.9974948
135276,0.9974896
2237,0.997488
117329,0.99748707
110722,0.99748635
66915,0.99748296
79474,0.99748224
51463,0.997482
163581,0.9974815
161418,0.9974814
117896,0.99748117
55824,0.99747986
122900,0.99747854
103822,0.9974752
90128,0.99747354
72734,0.9974728
77589,0.99747187
84831,0.99747086
164799,0.99747086
189702,0.9974667
155971,0.99746656
69970,0.9974611
124802,0.9974607
125832,0.99745756
166269,0.9974572
117197,0.99745685
123074,0.99745494
72719,0.99745446
110662,0.9974542
142676,0.9974535
66712,0.9974527
68616,0.99745184
67679,0.99744296
124968,0.9974414
166490,0.99743575
35665,0.9974306
166667,0.99742824
37413,0.9974202
74963,0.9974158
152548,0.99741346
160853,0.9974107
77552,0.9974099
38745,0.99740964
76121,0.9974095
90571,0.99740547
88251,0.99740523
139685,0.99740076
144965,0.9974005
111031,0.9973978
56924,0.99739397
75432,0.9973908
132906,0.9973838
182310,0.9973827
195887,0.9973821
102740,0.99738187
96694,0.9973787
111636,0.99737823
120314,0.99737585
119338,0.99737513
86251,0.9973742
68917,0.9973726
103187,0.9973572
78653,0.99735594
73684,0.9973527
135385,0.9973526
110607,0.99735093
91960,0.9973475
90683,0.99734586
91732,0.99734527
142216,0.99733704
87284,0.9973346
122985,0.9973303
80810,0.9973289
46303,0.99732274
165541,0.99732107
116674,0.9973131
87523,0.9973123
63894,0.99731183
66932,0.99731004
91356,0.9973042
119912,0.9973028
88004,0.9973001
119746,0.99729973
16850,0.9972958
136329,0.9972958
110232,0.99729556
175546,0.99729556
182442,0.9972939
195252,0.99728847
58968,0.9972849
141891,0.99728346
118326,0.9972785
58401,0.9972779
103897,0.9972752
125113,0.9972735
73501,0.9972727
191051,0.9972705
155609,0.9972697
64794,0.99726796
47242,0.99726045
192535,0.9972596
45504,0.997259
108837,0.9972506
74829,0.9972492
119480,0.99724835
139452,0.9972479
138414,0.99724716
122740,0.9972464
49884,0.99724627
121182,0.9972453
77209,0.9972396
159946,0.9972307
94489,0.99722904
63492,0.9972281
55964,0.99721897
89655,0.99721825
77778,0.99721766
45070,0.99721414
50420,0.99721247
117743,0.9972107
89800,0.9972107
45314,0.99721044
125497,0.9972095
181978,0.9972088
141960,0.99720263
85705,0.9972023
117779,0.9971993
60045,0.9971992
116784,0.99719405
80737,0.9971904
85688,0.99718755
122972,0.9971825
152050,0.997182
175693,0.9971794
128439,0.9971764
74249,0.99717546
37320,0.9971673
122084,0.9971655
183872,0.99716467
60047,0.9971642
102200,0.99716336
45404,0.99716276
45320,0.99716175
82764,0.9971614
101495,0.99715745
142991,0.99715567
176168,0.99715376
60851,0.99715364
79171,0.9971528
59425,0.9971462
61319,0.99714524
80523,0.9971411
87951,0.99714077
61885,0.99713767
93700,0.99713516
56382,0.997133
89750,0.9971296
118951,0.99712545
40659,0.9971221
50908,0.9971215
108867,0.99711883
196447,0.99711835
118516,0.9971154
127239,0.99711454
79042,0.9971125
56402,0.99711084
102988,0.9971105
144052,0.99710685
116891,0.9971065
150856,0.99710613
57670,0.99710447
55511,0.99710375
78029,0.9971028
174330,0.99710184
48404,0.9971008
176158,0.9970994
109313,0.9970956
111299,0.9970914
80328,0.9970866
65793,0.997086
66933,0.9970824
130635,0.9970811
111917,0.9970788
119751,0.99707425
36748,0.9970734
134286,0.9970688
1692,0.99706703
88461,0.9970662
146545,0.9970657
98318,0.99706393
59870,0.9970592
55764,0.9970572
94843,0.99705553
162816,0.9970547
163745,0.997054
167126,0.9970523
73269,0.99705005
132316,0.99704677
81418,0.9970462
152671,0.9970433
74185,0.99704045
54310,0.99703884
131957,0.9970342
76718,0.99703395
146686,0.9970277
43326,0.99702173
65806,0.9970216
136729,0.99702126
67481,0.99701536
85298,0.99701333
65228,0.9970084
61580,0.9970071
68665,0.9970066
12286,0.9970055
82699,0.9970053
94868,0.99699926
157240,0.99699783
65682,0.9969975
150835,0.9969946
158079,0.9969927
28320,0.99699163
117583,0.99699116
17506,0.99699104
46304,0.9969902
72143,0.9969894
46606,0.99698883
127392,0.99698526
111510,0.99698514
77956,0.99698406
44194,0.99698013
177320,0.99697936
193539,0.9969771
134739,0.9969765
86368,0.99696904
125685,0.9969631
54345,0.99696237
121596,0.99696153
153087,0.99696106
154063,0.99695814
61073,0.9969559
33401,0.9969559
76982,0.99695516
116699,0.9969543
112801,0.99695337
49839,0.996953
151306,0.9969516
43482,0.99694103
47515,0.9969382
43781,0.99693644
86025,0.9969357
125429,0.9969357
44972,0.9969357
65403,0.99693537
158526,0.9969342
92487,0.9969338
63948,0.99693274
47770,0.9969283
113441,0.99692094
139863,0.9969206
46258,0.9969162
2250,0.996914
46155,0.99691343
112696,0.9969126
141757,0.99691236
176820,0.99691236
119566,0.9969055
48440,0.9969023
73681,0.9969022
110359,0.9969014
168722,0.9968984
156765,0.9968976
48386,0.9968959
121923,0.9968934
41968,0.9968867
75796,0.9968829
51253,0.9968786
110808,0.99687743
78319,0.996876
138542,0.99687344
109866,0.99687344
173391,0.9968707
163254,0.99686855
42036,0.9968675
113828,0.9968646
151596,0.9968545
195250,0.9968502
66290,0.99684674
90467,0.99683905
5048,0.9968369
67320,0.9968369
62073,0.99683654
88339,0.9968362
88687,0.9968354
64461,0.9968346
189499,0.9968336
112626,0.9968322
60993,0.996831
89976,0.9968244
112509,0.99681586
77368,0.99681085
105820,0.9968106
174893,0.99680823
82225,0.99680555
130408,0.99679947
11504,0.9967969
126723,0.99679273
87888,0.996792
62192,0.9967901
125337,0.99678755
66042,0.99678636
123361,0.99678123
109515,0.9967811
112953,0.9967809
157817,0.9967809
183138,0.9967739
157032,0.9967721
71977,0.99677163
192040,0.9967692
145535,0.99676895
79620,0.9967661
120569,0.9967619
119513,0.9967596
59185,0.9967589
47931,0.99675864
86968,0.99675757
142996,0.9967546
82420,0.9967445
86536,0.99674314
83449,0.996741
112697,0.9967367
74420,0.996734
29420,0.9967321
57858,0.9967219
154431,0.99672014
138597,0.99671507
123324,0.9967103
77723,0.9967083
48533,0.9967044
86872,0.99669766
197238,0.99669766
92658,0.9966954
116951,0.9966768
56666,0.9966737
130077,0.9966724
55303,0.9966673
91858,0.99666613
138627,0.996666
65319,0.9966653
120124,0.996664
163528,0.9966606
70963,0.99665725
31730,0.9966538
150865,0.9966446
57701,0.99664366
58111,0.99664164
135925,0.9966415
157043,0.99664116
83259,0.9966324
142189,0.99663204
39637,0.99662906
47074,0.99662673
86017,0.9966248
122497,0.99662435
154795,0.9966234
41862,0.99661547
155319,0.99661547
120864,0.99661404
164038,0.99661237
124128,0.99661154
90685,0.9966078
118183,0.9966048
92417,0.99659926
119693,0.99659604
61279,0.9965952
79764,0.9965855
94660,0.9965822
169470,0.99658054
122458,0.9965783
118983,0.9965783
80800,0.9965744
69077,0.99656856
155229,0.9965675
116292,0.9965628
57499,0.9965564
61684,0.99655175
139113,0.9965474
110075,0.99654573
49328,0.9965418
90203,0.9965365
174228,0.99653035
109904,0.9965276
51664,0.9965274
58158,0.9965268
102434,0.9965262
46888,0.9965186
81986,0.99651647
156114,0.9965161
172579,0.99651587
66674,0.9965133
62475,0.996512
71827,0.99651176
64323,0.99650913
88112,0.99650866
87347,0.99650806
61344,0.9965061
56173,0.9965042
90297,0.9965037
39886,0.9965017
135960,0.9964978
70508,0.9964954
69392,0.9964952
69921,0.99649316
60771,0.99649256
93373,0.99649173
148091,0.99649006
42751,0.9964896
103815,0.99648947
67046,0.9964826
9205,0.9964804
119511,0.99648017
149842,0.9964779
69634,0.9964728
53137,0.99647117
70728,0.9964709
68626,0.9964659
53444,0.9964631
99820,0.99646276
122854,0.996461
102864,0.9964599
97161,0.9964581
26700,0.99645245
109389,0.9964515
105279,0.9964508
183777,0.9964425
49702,0.99643624
145344,0.99643373
81342,0.99643326
95996,0.99642617
136623,0.9964258
112685,0.99642414
52839,0.9964226
9942,0.99641776
139064,0.99641716
165359,0.99641573
66970,0.9964141
40705,0.99641377
81166,0.9964135
77017,0.9964133
43876,0.99641234
68943,0.9964077
154989,0.9964055
110173,0.9964037
57425,0.99640334
141386,0.99640155
81515,0.9964013
65550,0.99639904
99370,0.99639696
38023,0.996396
9896,0.996394
55426,0.9963917
178083,0.99639136
144685,0.9963904
26443,0.9963903
117902,0.9963864
62359,0.9963856
62264,0.9963852
110575,0.9963792
114070,0.9963791
110830,0.99637824
193160,0.9963715
124676,0.9963689
86652,0.996363
119769,0.99636286
145374,0.9963617
86018,0.9963541
133859,0.9963536
120646,0.99634856
163556,0.99634165
133580,0.9963415
59677,0.99634093
74546,0.9963397
122510,0.9963322
57849,0.9963321
125737,0.99633044
82957,0.9963301
93253,0.99632996
7836,0.9963289
143964,0.99632674
74922,0.99632615
88361,0.9963219
90045,0.9963206
53504,0.99632037
64414,0.9963188
68133,0.99631846
137988,0.99631834
186728,0.9963148
136647,0.99631447
84296,0.9963115
59162,0.99630594
91814,0.99629885
89739,0.9962978
115950,0.9962966
43920,0.9962941
159561,0.9962924
61131,0.9962923
162921,0.99628985
57194,0.9962896
72077,0.99628854
58898,0.99628747
68894,0.99628747
44305,0.9962817
129077,0.99628156
153162,0.9962804
59438,0.99627703
51218,0.99627364
67548,0.9962721
83580,0.9962717
53826,0.9962702
197747,0.99626863
126222,0.99626863
90119,0.9962685
61045,0.9962664
140283,0.9962656
165450,0.99626523
56050,0.9962627
154000,0.99626213
149448,0.9962619
110292,0.9962619
80803,0.9962598
191169,0.9962586
140860,0.9962585
140826,0.9962572
94251,0.9962548
108264,0.9962489
58194,0.99624604
62292,0.9962459
84004,0.99624455
136214,0.9962346
100936,0.99623257
151246,0.9962304
36169,0.9962291
68636,0.996229
92166,0.9962286
93515,0.9962286
64019,0.996222
122012,0.9962219
108349,0.99621683
94054,0.99621624
184668,0.99621457
140460,0.9962114
111776,0.9962082
83076,0.99620277
114419,0.99619377
121912,0.9961914
54370,0.99618846
177132,0.9961832
55634,0.99618286
80418,0.9961802
99923,0.9961746
173143,0.99617046
60786,0.9961682
70154,0.9961628
157946,0.99616253
79142,0.9961622
166193,0.9961606
104239,0.9961591
169644,0.99615896
112452,0.9961563
63943,0.9961559
68805,0.99615496
129531,0.996151
53759,0.99615073
152795,0.9961494
92053,0.99614453
55823,0.9961437
80434,0.9961415
144459,0.9961408
81868,0.99613994
59355,0.996139
78782,0.9961367
103236,0.9961365
172109,0.9961332
124610,0.9961299
48152,0.99612963
49652,0.9961294
113024,0.9961267
77015,0.9961265
75145,0.9961247
38175,0.99612325
126450,0.99612314
54858,0.99612266
128863,0.9961164
70442,0.9961164
120696,0.9961157
50932,0.996114
63552,0.9961133
191798,0.9961118
66655,0.9961099
145896,0.9961061
124518,0.9961035
56208,0.99610174
190072,0.9961015
60963,0.996089
93620,0.99608886
69432,0.9960873
52262,0.99608153
66390,0.99607986
136119,0.99607843
157076,0.9960782
139287,0.99607724
66708,0.99606943
151307,0.99606836
68543,0.9960674
130008,0.9960674
89867,0.99606556
95915,0.9960616
130765,0.99606067
99020,0.9960581
196519,0.9960551
195654,0.9960498
39493,0.99604946
145898,0.9960483
87484,0.99604803
119342,0.99604166
89324,0.9960394
125939,0.9960389
58430,0.9960342
92409,0.9960328
113827,0.99603206
118501,0.9960317
125884,0.9960316
85401,0.9960282
60500,0.9960259
88983,0.99602556
78237,0.9960199
127641,0.9960192
143994,0.99601895
124920,0.99600947
178003,0.9960055
116792,0.99600166
69755,0.9960008
55901,0.9959996
95238,0.9959953
147440,0.99599445
138708,0.9959928
114462,0.9959908
43426,0.99599
94182,0.99598914
142781,0.99598724
90217,0.9959871
93148,0.99598616
156998,0.99598455
195727,0.99598444
164854,0.99598265
87258,0.9959798
123118,0.9959777
58893,0.9959771
59772,0.99597615
97131,0.9959693
130309,0.9959693
81771,0.9959668
93342,0.9959611
87410,0.99595755
123996,0.99595696
128273,0.9959556
55196,0.99595356
143329,0.9959518
114096,0.9959489
128790,0.9959474
64858,0.99594694
89526,0.99594647
113810,0.99594444
44500,0.99594337
113811,0.9959423
66531,0.99593925
50261,0.9959378
123266,0.9959311
38349,0.9959254
4733,0.99592316
184970,0.99592316
158893,0.995915
49974,0.9959138
50536,0.99590874
83044,0.9959074
84203,0.99590707
121467,0.9959
62267,0.99589807
107082,0.99589646
73629,0.9958962
89452,0.9958925
91913,0.99589205
90061,0.99589133
90666,0.995891
129201,0.99588794
138366,0.9958865
125767,0.995886
142941,0.99588275
85714,0.99588263
138232,0.9958812
76186,0.9958776
157768,0.9958775
94296,0.9958702
84541,0.99586654
193733,0.99586475
90094,0.9958603
125649,0.99585813
43310,0.99585515
161266,0.9958513
112889,0.9958477
86850,0.9958405
80946,0.99583936
133506,0.99583554
153615,0.9958324
89192,0.99582964
121992,0.99582916
49771,0.9958252
110421,0.99582493
50416,0.9958247
152585,0.9958229
61623,0.99582267
61280,0.9958222
16379,0.9958197
67854,0.9958181
57961,0.995812
176317,0.99581003
59294,0.99580944
72468,0.99580777
133120,0.9958066
110798,0.9958056
114155,0.99580246
98756,0.9958003
120698,0.99579775
117816,0.9957973
76036,0.9957973
109399,0.99579656
129552,0.99579144
87801,0.99578804
123132,0.99578553
44388,0.995782
105834,0.99578154
93860,0.99577916
192494,0.99577135
50239,0.9957709
153949,0.9957696
55118,0.9957652
128639,0.99576294
128410,0.9957611
151137,0.995761
119469,0.9957585
121292,0.9957574
39621,0.99575716
93873,0.99574846
90175,0.995743
89164,0.9957416
129466,0.99573827
60411,0.99573755
30474,0.99573743
147318,0.9957307
57709,0.99572974
101007,0.99572587
163541,0.9957248
54261,0.9957247
13351,0.995723
165567,0.9957217
50704,0.9957158
71516,0.99571407
150011,0.99571323
64469,0.99571204
56151,0.9957081
93996,0.995708
73423,0.99570674
65186,0.99570674
153954,0.9957064
123030,0.995706
6174,0.9956999
75867,0.99568814
57926,0.9956838
192345,0.995682
111844,0.99568164
59039,0.9956814
28648,0.9956793
165269,0.9956779
139516,0.99567646
56187,0.99567634
126798,0.9956761
90409,0.995673
102453,0.99567175
120526,0.9956713
83674,0.9956682
83684,0.99566746
63403,0.9956672
87048,0.99566513
139132,0.99566156
87034,0.99565864
96899,0.9956559
139060,0.9956518
137712,0.9956518
89839,0.9956512
93686,0.99565107
81419,0.99564976
49264,0.9956458
90375,0.9956422
41329,0.99564123
63061,0.9956409
166100,0.9956399
187368,0.99563897
62394,0.99563795
80099,0.99563795
151034,0.99563676
159394,0.99563533
109427,0.9956316
45996,0.99562836
89531,0.9956275
85242,0.99562377
84843,0.99562305
127049,0.9956189
160154,0.9956182
150472,0.99561465
164531,0.99561393
183898,0.9956136
73560,0.9956116
56749,0.9956103
189611,0.9956098
87939,0.9956091
93417,0.9956033
44169,0.9956026
12247,0.99560237
57918,0.99559903
176371,0.99559754
47590,0.9955972
153534,0.9955953
191160,0.99559397
144363,0.99559206
124778,0.9955913
105090,0.9955894
46399,0.99558866
90745,0.9955883
56806,0.9955825
130121,0.9955793
54804,0.9955727
89671,0.99557143
93332,0.9955688
174855,0.99556845
84096,0.99556583
90471,0.9955596
44960,0.9955568
158387,0.9955546
106629,0.99555415
57007,0.99554837
101262,0.99554646
162406,0.99554574
87721,0.99554366
77955,0.99554235
85123,0.9955383
187660,0.9955374
170898,0.9955369
138140,0.9955285
89441,0.9955249
67104,0.9955243
101558,0.9955232
109968,0.9955205
145978,0.9955178
126373,0.9955155
109393,0.995514
50152,0.99551255
73714,0.9955106
66561,0.9955075
112924,0.9955075
81698,0.9955017
88115,0.9954991
80561,0.99549484
1762,0.99548846
103899,0.9954861
155625,0.99548376
126856,0.9954796
47591,0.99547946
53052,0.99547887
74689,0.99547654
57074,0.995475
161075,0.9954745
46317,0.99547416
58590,0.9954733
133726,0.99547297
110898,0.9954723
78335,0.9954716
50431,0.9954639
192837,0.99546367
113657,0.99546
126510,0.9954572
191435,0.9954466
58073,0.99544394
177426,0.9954423
169791,0.99544203
186849,0.9954417
135283,0.99544156
41404,0.9954411
73329,0.9954401
61071,0.9954359
135433,0.99543554
109051,0.9954353
153360,0.9954294
130115,0.99542725
89223,0.9954259
123831,0.9954255
115624,0.9954223
76737,0.9954204
111097,0.9954201
117219,0.9954181
138055,0.9954169
114777,0.9954159
22291,0.9954125
160685,0.99541205
70988,0.9954118
5606,0.9954104
89312,0.9954099
119343,0.9954034
82053,0.9954022
67590,0.9954016
164777,0.9954014
69511,0.9954007
131529,0.9953993
127694,0.99539727
87855,0.9953968
136860,0.99539316
183393,0.99538887
192809,0.99538773
177356,0.9953869
144738,0.9953803
142824,0.99537885
123178,0.99537754
134948,0.995374
156877,0.99537176
71723,0.99536914
1700,0.99536395
177003,0.9953614
147691,0.9953555
152618,0.99535525
60982,0.9953542
128739,0.99534863
86617,0.9953459
85473,0.99534225
77573,0.9953412
125209,0.99534035
133324,0.9953371
93946,0.995336
48260,0.9953359
50291,0.99533385
87963,0.9953294
95613,0.9953223
120175,0.9953139
65808,0.99531245
11906,0.995312
112747,0.99531174
71006,0.9953112
72887,0.99530727
50773,0.99530435
56579,0.9953029
90173,0.9952957
47599,0.99529487
57672,0.9952865
68635,0.9952834
69469,0.99528235
57881,0.99528235
146000,0.9952734
84853,0.9952733
120355,0.9952733
145186,0.995272
28769,0.995271
87229,0.99526876
104117,0.9952632
60078,0.99526006
140713,0.99525636
91878,0.99525523
168568,0.9952543
158821,0.995252
104553,0.99524
70758,0.99522674
70336,0.99522614
105479,0.9952252
88914,0.9952178
74755,0.9952158
35239,0.9951983
146799,0.9951906
154346,0.99519014
64044,0.99519014
38818,0.9951898
64530,0.99516726
4621,0.99516535
81519,0.9951639
93764,0.9951633
121936,0.9951585
53340,0.9951584
44581,0.9951563
93554,0.99515474
122387,0.9951485
78991,0.99514824
167297,0.9951449
141855,0.99514467
84047,0.9951336
117518,0.99513227
56085,0.9951298
97555,0.9951285
162317,0.9951271
58810,0.99512357
86484,0.99512225
126740,0.99512
96916,0.99511886
84540,0.99511635
48567,0.995116
65209,0.99511576
54084,0.9951138
48360,0.9951137
120094,0.9951121
46832,0.9951102
86173,0.9951067
63965,0.99510455
68202,0.9951043
39631,0.9951043
51429,0.9951031
102248,0.995097
59946,0.9950906
159716,0.9950901
71249,0.99508935
4555,0.995089
144937,0.99508554
43999,0.995082
172138,0.99507743
190331,0.995076
177949,0.99507326
57470,0.99506927
46925,0.99506795
171197,0.9950563
89933,0.99505275
183429,0.995046
133585,0.9950459
145357,0.9950428
77601,0.9950336
159240,0.99503326
153490,0.99503314
167755,0.99502397
134283,0.99502194
57748,0.9950218
89323,0.9950212
60169,0.9950187
79774,0.9950185
47698,0.9950171
154248,0.9950171
109233,0.9950139
114781,0.9950127
109513,0.99501234
5334,0.99501157
176674,0.99501145
161539,0.9949975
161463,0.99499714
167759,0.99499667
169990,0.994994
117514,0.99499327
178904,0.99499303
169666,0.99498534
89774,0.9949833
92367,0.99498284
44101,0.9949823
99038,0.9949786
125143,0.9949768
5435,0.9949767
166909,0.9949763
141214,0.99497104
49935,0.9949596
59418,0.9949587
62247,0.99495596
101824,0.99495393
59472,0.994948
59804,0.9949479
97628,0.9949457
161548,0.9949393
64204,0.99493814
145561,0.99493295
104434,0.99493283
59245,0.99493235
92298,0.99492836
82272,0.99492365
116853,0.9949233
57381,0.99491864
45502,0.994913
125003,0.9949126
91450,0.99491185
51130,0.9948996
75526,0.9948954
187910,0.9948874
85880,0.994886
88472,0.9948854
163702,0.9948836
57774,0.994875
160456,0.99486595
131195,0.9948657
125477,0.99486524
95311,0.9948643
3402,0.9948637
70458,0.9948618
149006,0.9948612
114218,0.99485755
89601,0.99485743
92300,0.99485415
41812,0.99485403
159920,0.99485236
146115,0.9948467
51084,0.9948455
47329,0.99484336
58599,0.9948427
142205,0.99484235
171427,0.9948419
102116,0.9948414
117693,0.9948372
116538,0.99483705
109816,0.99483216
134981,0.99482995
145588,0.99482936
86606,0.9948284
123326,0.9948259
100265,0.9948255
120421,0.99482155
136128,0.99482155
142503,0.9948212
184653,0.9948184
114140,0.99481815
160965,0.9948086
54507,0.9948073
125688,0.9948072
125442,0.9947983
105241,0.99479103
69513,0.9947877
32448,0.9947877
173152,0.9947871
69822,0.9947871
191898,0.9947842
101622,0.99477863
98870,0.9947779
157963,0.99477506
60885,0.9947748
151206,0.9947732
43447,0.9947694
88151,0.99476916
60296,0.99476814
160372,0.9947647
113479,0.9947636
119854,0.99475855
49491,0.99475807
46534,0.99475586
116967,0.99475336
49044,0.99475324
46441,0.99475265
89962,0.9947519
78437,0.9947501
110831,0.99474746
152605,0.9947461
77486,0.99474394
80917,0.994735
146200,0.9947349
116188,0.9947253
99635,0.9947238
96495,0.9947231
53627,0.9947212
158976,0.99471974
113519,0.99471694
44130,0.9947167
67213,0.99471575
83097,0.9947141
82245,0.99471104
161223,0.99471045
63866,0.9947072
101956,0.99470264
38025,0.99469465
92433,0.99469393
107992,0.99469334
89152,0.9946897
335,0.9946891
135515,0.9946891
129534,0.99468625
123954,0.9946831
82913,0.99468
67736,0.9946741
132294,0.99467343
45579,0.9946721
167758,0.9946641
157250,0.99465865
49200,0.9946585
145584,0.9946567
108417,0.9946508
55887,0.99464697
151702,0.99464625
117846,0.9946419
114402,0.99464154
119946,0.99463695
193540,0.9946367
97761,0.9946327
161330,0.99463165
163297,0.9946219
35113,0.99461937
56870,0.994619
87857,0.99461854
79181,0.9946067
82029,0.9946061
170923,0.99460536
127111,0.99460393
159041,0.9946032
7785,0.9945972
115273,0.9945938
98879,0.9945931
63737,0.994586
45701,0.99458426
89525,0.99457836
88723,0.994576
98061,0.99457514
142110,0.9945748
61763,0.99456835
56510,0.99455947
68524,0.9945585
49287,0.99455714
58228,0.99455583
105739,0.9945545
89052,0.9945528
144258,0.9945515
56948,0.9945431
102249,0.99454224
90869,0.9945403
58770,0.9945378
77177,0.99453694
45249,0.99453676
10343,0.9945321
96849,0.99453163
60233,0.99453026
103596,0.9945267
67891,0.9945229
60230,0.9945209
93657,0.9945199
60164,0.9945181
40820,0.9945163
53971,0.9945161
85010,0.994507
64344,0.9945068
127649,0.99450463
175676,0.99450463
81151,0.9945042
71095,0.9945015
58426,0.99450076
123257,0.99449474
86734,0.99448663
128837,0.9944812
89326,0.9944805
104602,0.9944681
44715,0.99446636
169491,0.994463
145031,0.9944608
44286,0.99445856
88176,0.9944576
18626,0.99445736
140843,0.99445724
90196,0.99445665
52740,0.99445385
118318,0.99445313
71537,0.9944502
168506,0.99444735
59840,0.9944458
199463,0.9944404
86860,0.99444026
125824,0.9944325
52725,0.9944299
170507,0.99442875
99902,0.9944218
191929,0.9944184
104212,0.9944173
45038,0.99441636
175719,0.9944161
135924,0.99439925
84125,0.9943838
52916,0.9943825
91467,0.9943791
79850,0.994375
171484,0.9943718
96186,0.9943703
122178,0.994369
175682,0.99436814
67187,0.9943672
125358,0.9943652
80974,0.9943638
174589,0.99436355
66553,0.994361
117600,0.9943597
188372,0.9943562
135587,0.99435025
47524,0.99434954
70730,0.9943493
61130,0.9943439
67246,0.99434054
71504,0.99433714
72126,0.9943362
138113,0.9943135
68207,0.9943111
56369,0.99430794
52377,0.99430674
70018,0.99430263
166489,0.9942988
113678,0.994294
17416,0.99429375
177004,0.99429095
168938,0.9942889
118877,0.9942866
149200,0.99428517
18859,0.99428505
38941,0.9942842
55319,0.9942836
166278,0.9942813
25816,0.99427646
64926,0.9942677
60830,0.9942675
91512,0.99426514
112568,0.994262
104935,0.99425995
127778,0.99425405
48552,0.99425226
61226,0.9942504
60670,0.9942503
89614,0.9942463
58245,0.994241
104201,0.994235
173089,0.99423087
172973,0.9942162
90360,0.994214
117410,0.9942082
124641,0.9942082
69945,0.99420786
120749,0.9942076
65483,0.99420655
78561,0.99420047
112000,0.9941863
120389,0.9941797
193003,0.99417937
26484,0.9941749
64104,0.9941673
57531,0.994167
80819,0.994163
5792,0.9941572
84068,0.9941571
145849,0.99415565
118622,0.9941549
77523,0.99415284
124013,0.9941472
94616,0.994146
106430,0.9941407
136003,0.99413574
64197,0.9941322
81157,0.9941308
79409,0.9941229
62907,0.99412185
186736,0.9941142
107566,0.9941103
85408,0.99411017
38094,0.99410903
10521,0.9941088
57192,0.9941075
143780,0.99409336
107336,0.9940895
91319,0.9940848
120390,0.9940799
172479,0.9940796
73137,0.99407935
52273,0.9940707
55133,0.99406576
120049,0.9940621
83133,0.994054
70194,0.9940527
171690,0.99404573
51319,0.99404514
166572,0.9940428
149063,0.99404186
95187,0.9940386
110935,0.994038
124711,0.9940352
50722,0.9940346
63640,0.9940304
190071,0.9940281
155487,0.99402547
151182,0.9940229
50861,0.99401855
173442,0.99400663
64117,0.9939991
146932,0.99399525
154748,0.9939943
53432,0.99399054
172638,0.99398756
192480,0.99398404
12962,0.99398214
121736,0.9939812
191216,0.9939796
188498,0.9939792
42345,0.993979
118857,0.9939758
191342,0.9939752
88155,0.99396896
50065,0.9939657
121082,0.9939644
63590,0.99396306
63160,0.99395823
165742,0.99395174
144023,0.99394387
57198,0.9939418
176124,0.9939405
53280,0.99393797
108912,0.9939349
75252,0.9939189
37073,0.99391866
93919,0.9939175
76191,0.99391717
119839,0.99391526
176255,0.99391407
177094,0.99391335
63355,0.9939131
115852,0.99391115
189962,0.9939074
78754,0.9939027
69862,0.99390125
29742,0.99389994
63699,0.99389726
72421,0.9938922
127779,0.9938921
159577,0.9938899
136299,0.99388736
103491,0.99388725
108341,0.9938862
117760,0.993884
76608,0.99388254
199854,0.9938824
75726,0.99388206
152221,0.9938812
94649,0.9938805
58000,0.9938769
77464,0.9938769
57909,0.9938759
54335,0.9938758
28963,0.99387556
134196,0.9938746
61410,0.9938736
110148,0.9938736
42775,0.99387336
157203,0.99387276
196036,0.99387157
32534,0.99386865
114830,0.9938676
51994,0.9938672
85547,0.99386555
107573,0.99386215
167520,0.99386156
57041,0.99385965
68589,0.9938591
58049,0.9938584
105219,0.9938565
99928,0.99385226
55134,0.99384826
120453,0.99384695
58930,0.9938443
119046,0.99384415
65257,0.9938425
112201,0.99383956
55566,0.9938372
134742,0.9938274
153993,0.9938216
145665,0.9938101
89686,0.9938048
110358,0.993804
115836,0.9938036
117360,0.9938036
166649,0.99380267
69637,0.9938006
120706,0.9937941
39894,0.99379313
123040,0.9937915
11128,0.9937903
165223,0.9937903
113587,0.99378854
147014,0.9937866
56359,0.9937842
104397,0.9937781
85453,0.9937727
91076,0.99377114
93095,0.99377054
128003,0.9937691
179939,0.9937676
43677,0.9937662
100223,0.9937593
98435,0.9937558
54346,0.99375325
141270,0.9937516
45495,0.9937512
91544,0.9937503
99969,0.99375015
45755,0.99374914
80831,0.99374866
144484,0.9937458
111913,0.993739
15706,0.9937389
120727,0.9937331
143287,0.99372876
78849,0.99371886
73957,0.99371827
120476,0.9937151
156658,0.9937138
74679,0.9937132
119079,0.99371284
175859,0.9937097
118718,0.9937063
112195,0.9937044
22656,0.9937039
56859,0.9936917
147846,0.9936825
56296,0.99367744
163850,0.9936772
82570,0.99367493
122310,0.9936731
147873,0.9936719
65739,0.993668
171338,0.9936651
96276,0.9936633
116998,0.9936614
112456,0.99366117
177505,0.9936609
91367,0.9936412
3123,0.9936395
57598,0.9936382
128934,0.9936358
76418,0.9936271
143410,0.99362683
72503,0.99362624
57313,0.9936261
8860,0.9936227
96003,0.9936194
734,0.99361753
81153,0.99361247
94731,0.9936102
124599,0.99360776
122969,0.9936062
145762,0.99360526
103798,0.9936051
129675,0.99360025
192608,0.9935988
61655,0.99359715
104583,0.9935963
43557,0.9935962
165762,0.99359256
44085,0.99359095
51895,0.9935875
82318,0.9935868
67651,0.99358267
89576,0.9935783
91485,0.99357575
58547,0.9935743
126166,0.99357396
112212,0.9935731
175675,0.99357235
89015,0.9935721
68110,0.993572
40715,0.9935702
119985,0.9935702
121759,0.9935679
140410,0.993566
94078,0.9935656
16514,0.99356055
58187,0.99355656
37611,0.99354917
166911,0.9935468
89066,0.9935436
73141,0.9935415
147696,0.99353623
147465,0.99353194
150096,0.9935314
198179,0.99353117
151575,0.99352705
79661,0.9935256
39087,0.99352187
129914,0.99352175
192412,0.99351877
123249,0.99351394
50889,0.9935095
177040,0.99350774
156012,0.9935061
122762,0.9935045
107534,0.9935023
126347,0.99349904
135570,0.99349326
165528,0.9934917
58539,0.99348927
70087,0.9934864
177137,0.9934818
45921,0.9934776
101385,0.99347734
161414,0.9934643
170505,0.99346405
46047,0.9934637
136646,0.9934617
77892,0.99345905
77838,0.99345905
55242,0.99345183
82624,0.9934493
120583,0.99343807
117057,0.9934323
64422,0.9934301
72382,0.99342865
109410,0.9934263
108877,0.993425
96043,0.9934249
56015,0.99342304
37306,0.9934208
75236,0.9934187
103914,0.99341065
89510,0.99340993
76541,0.99340856
54649,0.9934058
82296,0.99340385
35371,0.9934029
113048,0.9934016
185079,0.9933883
43272,0.99338573
98312,0.99338406
151348,0.9933816
116729,0.99337935
72605,0.9933762
79008,0.9933756
113007,0.9933751
125091,0.9933703
98364,0.9933688
126356,0.9933682
94002,0.9933634
171069,0.9933616
118044,0.9933615
111283,0.99335927
50781,0.9933577
156983,0.99335337
58309,0.99335325
65958,0.9933454
114230,0.9933369
57394,0.99333316
118417,0.9933315
59553,0.99332136
136063,0.99331963
124754,0.99331665
142451,0.9933148
77581,0.9933113
103438,0.993309
73468,0.9933035
76553,0.9933015
51872,0.9932991
144235,0.9932979
121268,0.9932948
52561,0.9932944
132360,0.99328995
123469,0.99328965
102694,0.9932777
143241,0.99327725
87929,0.9932749
51639,0.993273
88615,0.9932728
156876,0.9932719
39276,0.99327
43330,0.99326867
175681,0.9932673
123048,0.99326396
163327,0.99325573
152352,0.9932433
111875,0.9932428
172902,0.9932428
120728,0.99324095
180208,0.9932361
90170,0.9932215
50844,0.993216
87302,0.993212
159783,0.99321073
60881,0.99320906
113461,0.99320835
77222,0.9932065
76565,0.9932052
68924,0.99320376
80984,0.9932013
118306,0.9932007
101115,0.9931952
97743,0.9931948
48088,0.9931925
16461,0.99319
145439,0.99318624
94842,0.99318564
123010,0.9931852
81989,0.99317706
57339,0.9931759
110805,0.9931753
120741,0.9931752
65538,0.9931733
107190,0.99317217
144198,0.99316967
17583,0.99316627
191865,0.99316376
187306,0.99316335
169813,0.99315804
93488,0.9931564
42652,0.9931502
138814,0.9931416
78804,0.99314004
90763,0.99313825
47311,0.99313617
120736,0.993134
53553,0.99312156
98177,0.99311393
123181,0.99311346
78196,0.99311113
16664,0.9931085
129554,0.99310416
82984,0.99310255
82329,0.9931021
177451,0.9930988
72788,0.9930987
18484,0.99309665
161124,0.9930906
203032,0.99308455
86213,0.9930809
152047,0.9930808
120197,0.9930807
120430,0.9930796
112979,0.993075
18302,0.99307466
137874,0.99307317
3957,0.99305916
69763,0.99305445
88657,0.9930541
79763,0.99305254
123629,0.9930449
143493,0.9930353
56613,0.99303246
196188,0.9930225
176487,0.99301845
120312,0.9930147
88612,0.9930099
51546,0.993008
85661,0.99300474
64416,0.99300015
148233,0.99299896
136077,0.99299824
137749,0.9929912
136757,0.9929705
118720,0.9929651
58397,0.99296486
129143,0.9929645
81118,0.9929603
132748,0.992957
130495,0.99295604
164459,0.99295264
141380,0.9929517
92881,0.9929482
119226,0.99294657
124014,0.9929374
126850,0.9929367
70417,0.9929362
5912,0.9929362
99277,0.9929333
78358,0.9929294
48265,0.9929212
37684,0.99291855
176730,0.99291843
13358,0.992912
68509,0.9929115
56639,0.99290717
191491,0.992906
124680,0.9929033
129282,0.99289775
77693,0.9928866
87896,0.9928854
119846,0.9928807
96105,0.9928762
110199,0.9928669
152986,0.99286336
73214,0.99286324
82155,0.99285936
64217,0.99285454
47885,0.9928523
125919,0.9928455
92546,0.9928428
69204,0.9928417
167187,0.992841
122145,0.9928377
87567,0.99282914
63368,0.99282223
59456,0.9928197
79052,0.9928173
17218,0.99281645
130185,0.9928163
80664,0.992815
71015,0.99281037
86936,0.99280375
74532,0.99279505
91731,0.99279404
59212,0.9927937
93702,0.9927925
140236,0.99278307
72712,0.99278307
158640,0.9927821
70598,0.99277544
119723,0.9927741
135911,0.99277335
136486,0.99276924
75542,0.99274933
160435,0.9927468
113600,0.99274397
75722,0.9927429
81702,0.9927335
125359,0.9927321
92404,0.992732
134043,0.9927314
49011,0.99272835
116048,0.9927246
121364,0.9927222
118421,0.9927199
58402,0.9927174
110854,0.99271566
171721,0.9927128
92432,0.9927094
98255,0.9927046
126127,0.9927046
110285,0.9926987
141023,0.9926933
143446,0.99269193
160972,0.99268204
55545,0.9926807
142499,0.9926795
129096,0.992673
94052,0.99267197
89537,0.99267113
57299,0.99266994
136993,0.9926642
90609,0.99266315
64353,0.9926541
96165,0.99265397
57602,0.99265
79576,0.9926488
77208,0.9926328
114296,0.99262357
57821,0.99262017
88415,0.9926179
60887,0.99261606
79172,0.9926158
114509,0.99261075
147412,0.9926098
57193,0.9925995
63820,0.9925937
90025,0.992588
131928,0.99258703
124076,0.99258584
86975,0.9925842
156625,0.9925835
111409,0.9925817
73768,0.9925795
120520,0.9925776
123496,0.9925768
140473,0.9925748
51345,0.9925619
27495,0.99255764
152991,0.9925551
55538,0.9925518
68566,0.99255085
54576,0.99254733
91809,0.99254405
169664,0.9925283
110574,0.9925271
6538,0.9925228
53547,0.99252194
72396,0.99252033
123214,0.99251395
159194,0.9925136
87668,0.9925103
70273,0.9925096
58261,0.99250937
16954,0.9925085
109344,0.99250776
176729,0.9925016
183096,0.9925016
117289,0.9924967
108949,0.99248576
184167,0.9924817
56031,0.99248064
120511,0.9924786
118258,0.99247664
146207,0.9924758
171349,0.99247205
94275,0.992466
88708,0.9924585
58620,0.99245054
40198,0.992447
73441,0.99243766
37288,0.99243706
112298,0.9924345
50390,0.992428
76691,0.99242675
171363,0.9924191
175392,0.99241865
117921,0.99241287
93225,0.9924034
77886,0.99240255
98251,0.99240184
75446,0.9924011
139108,0.9923977
20342,0.9923902
140778,0.9923833
16013,0.9923819
49937,0.9923764
131874,0.9923753
167462,0.99237496
141717,0.9923728
119504,0.9923713
164891,0.9923665
89222,0.9923639
60927,0.9923568
96946,0.9923523
134813,0.99235016
4830,0.9923471
165118,0.99234253
112830,0.992335
110544,0.99232954
86573,0.9923248
118690,0.9923183
152496,0.9923105
75990,0.9923104
130341,0.99230754
132107,0.9923039
135596,0.9923022
17390,0.99229515
197878,0.9922949
98491,0.9922873
67011,0.9922822
140549,0.99228066
80757,0.99227726
198174,0.99227625
105311,0.99227566
26036,0.9922733
74359,0.99226815
47220,0.9922667
115139,0.9922625
153458,0.9922545
174005,0.99225086
8857,0.99224675
140302,0.992246
140547,0.99223983
99663,0.9922341
54160,0.9922307
45334,0.99222964
7152,0.9922289
91462,0.9922288
58414,0.99222493
156791,0.9922241
163705,0.992218
75998,0.99221647
81037,0.99221486
54193,0.9922127
170964,0.99221206
24730,0.9922085
8675,0.9922029
104947,0.9922025
55767,0.9922023
98773,0.99219817
83543,0.99219185
168182,0.99218655
105988,0.9921862
107949,0.9921852
57656,0.99218494
31042,0.9921846
91229,0.9921813
162653,0.9921744
138054,0.99216837
85158,0.9921672
89048,0.9921658
57635,0.99216
112911,0.99215853
54793,0.9921578
44521,0.99215746
132199,0.9921537
115722,0.99215347
27144,0.99214584
67112,0.99214387
90837,0.99213845
132186,0.9921354
63751,0.9921319
137570,0.99212825
57862,0.99212354
113095,0.99212134
92410,0.99211967
56093,0.9921119
50899,0.99210995
127864,0.99210596
110092,0.9921051
91465,0.99210453
83713,0.9921038
116733,0.9921022
134058,0.9921002
80389,0.99209785
128072,0.99209785
193235,0.9920935
145147,0.9920901
62939,0.99209
64140,0.99209
127348,0.99208856
124782,0.9920872
164797,0.9920791
120870,0.9920706
88729,0.9920676
116268,0.99206597
89973,0.9920649
96443,0.99206126
124040,0.9920581
57947,0.9920569
140082,0.9920556
52255,0.99204016
166106,0.99203944
57500,0.9920359
129013,0.99203473
76044,0.99202555
19394,0.99202466
38882,0.9920145
142388,0.9920108
102128,0.9920082
91098,0.9920026
98355,0.9920018
122808,0.99199975
117062,0.9919957
68535,0.99199545
119094,0.9919945
135013,0.9919926
122561,0.991983
95476,0.99196905
88343,0.99196446
115385,0.99196446
17944,0.9919606
113555,0.9919602
11149,0.9919578
105116,0.99195766
108199,0.99195755
57217,0.99195683
118235,0.9919561
182589,0.9919533
92435,0.9919526
58515,0.9919486
88814,0.99194676
93748,0.9919436
118474,0.9919424
122681,0.9919395
94739,0.99193585
147007,0.99193525
52628,0.99193317
70659,0.9919327
117566,0.99193114
13845,0.991928
86871,0.991926
153803,0.9919207
124953,0.9919166
16190,0.99190825
168323,0.99190784
43317,0.99190193
37224,0.9919011
60913,0.99189866
69214,0.99189854
65962,0.9918893
52991,0.99188626
144916,0.991886
104066,0.99187917
130253,0.9918743
136979,0.99186444
38412,0.9918528
120289,0.9918516
93068,0.99184555
119740,0.9918424
190325,0.991836
119891,0.9918332
127260,0.9918315
47737,0.99182785
123044,0.9918243
70666,0.9918189
105933,0.99181646
155702,0.9918108
154161,0.99181014
119706,0.99180883
176201,0.9918087
119646,0.991808
10136,0.9918066
165743,0.99180263
112952,0.9918013
50650,0.99179935
336,0.9917978
75659,0.99179476
97257,0.9917944
57744,0.99178433
120242,0.99178267
144985,0.9917808
90151,0.9917768
111880,0.9917754
67750,0.9917749
119591,0.99177307
44164,0.9917704
123061,0.99176615
80122,0.99175864
195897,0.9917563
51123,0.9917543
49647,0.9917487
132101,0.99174607
45639,0.99174166
135760,0.99173707
90443,0.9917338
90553,0.9917257
87113,0.99172115
60265,0.99171704
53393,0.9917074
86480,0.9917042
120300,0.99168795
103294,0.99168456
90556,0.9916781
77014,0.991678
170045,0.9916735
172895,0.9916726
89806,0.9916712
187537,0.99167037
113706,0.9916671
178124,0.99166334
92634,0.9916577
100941,0.99165314
83486,0.99164987
74389,0.99164
42186,0.9916372
77098,0.99162734
112882,0.991625
66313,0.9916249
95090,0.99161786
56055,0.9916175
125437,0.9916175
122864,0.991617
114676,0.99161375
147229,0.99160635
77021,0.9916047
145526,0.9915931
75731,0.991578
44724,0.99157774
138477,0.9915725
108697,0.991569
80988,0.991568
87694,0.9915657
90089,0.99156547
65879,0.9915637
10661,0.99155945
193215,0.991559
82459,0.9915523
130098,0.9915439
179203,0.9915376
70497,0.991537
116388,0.9915359
54083,0.9915352
104379,0.9915319
151756,0.99153143
58098,0.99152595
166187,0.9915222
61034,0.9915176
60175,0.9915093
92683,0.99150425
76940,0.9915025
81933,0.99149996
129167,0.9914982
101578,0.99148655
124003,0.99148095
61200,0.9914761
163107,0.9914649
127909,0.9914647
87069,0.9914506
129120,0.9914458
125678,0.99144346
148135,0.99143714
56116,0.9914357
70282,0.99143547
118816,0.9914321
60668,0.99141884
128507,0.9914179
194394,0.9914083
130532,0.991405
108938,0.9914016
136325,0.9913993
72481,0.99139726
134935,0.9913906
17850,0.9913884
83199,0.9913851
120434,0.99138266
153359,0.991376
89710,0.991375
173399,0.9913747
56046,0.99137443
136769,0.9913737
69172,0.99136955
121166,0.9913692
66958,0.9913679
190110,0.99136764
113705,0.99136555
57636,0.991364
103450,0.99135864
117692,0.99135274
116459,0.9913526
91208,0.99134254
86778,0.99134237
147863,0.9913414
154585,0.99133986
93434,0.9913385
2665,0.99133825
146119,0.9913367
89555,0.99133074
54135,0.99133074
104132,0.99132895
74915,0.9913052
70714,0.991305
90224,0.9913024
70494,0.99129325
123669,0.9912839
93734,0.99128073
130010,0.99127454
145737,0.9912724
130301,0.99126804
156392,0.99126595
189554,0.9912606
104110,0.9912594
98776,0.9912559
82571,0.99124616
179745,0.9912442
91247,0.99124324
97535,0.99124056
41789,0.9912384
124893,0.99123764
68336,0.99123657
58618,0.99123573
157045,0.99123526
148284,0.99123025
84456,0.99122685
177389,0.9912208
105517,0.99122053
156886,0.9912204
165264,0.9912186
141154,0.9912174
172569,0.99121654
118948,0.9912102
111363,0.9912039
107053,0.9911963
128581,0.99119616
137258,0.9911957
107578,0.99119335
140949,0.9911863
55290,0.99118376
125599,0.99118376
149217,0.99118173
94965,0.9911782
130079,0.9911657
193166,0.9911644
159923,0.9911635
2727,0.9911465
116504,0.9911446
60756,0.99114335
93144,0.9911395
123200,0.99113876
139796,0.9911334
63179,0.99112976
5597,0.99111557
91540,0.99110526
7003,0.9911026
77104,0.9911007
74797,0.9910981
161114,0.9910942
128708,0.9910904
79779,0.9910898
108745,0.9910849
147590,0.9910835
75455,0.99108267
154268,0.991078
76916,0.9910748
58279,0.99107295
193087,0.99106383
49341,0.99105716
90583,0.99104464
77403,0.9910233
113664,0.9910212
83227,0.9910199
167089,0.9910159
77247,0.9910122
145836,0.99100894
161496,0.9910052
135855,0.9910019
48903,0.9909971
65496,0.9909957
116815,0.9909933
141097,0.99099195
8072,0.9909904
50855,0.99098957
136118,0.99098927
128504,0.99097615
187270,0.99097323
150046,0.9909695
60557,0.99096876
11184,0.9909648
61908,0.99096185
48776,0.99096113
60152,0.9909599
93589,0.9909567
153866,0.99095213
58737,0.9909496
90491,0.99094814
69184,0.9909444
75286,0.9909349
96260,0.99092907
121321,0.990928
159349,0.9909252
51295,0.9909218
177619,0.9909208
29500,0.99091804
47971,0.99091315
63049,0.99091244
124428,0.99091154
129456,0.99090856
136590,0.9909043
125370,0.99089617
37366,0.9908857
159099,0.99087524
147286,0.9908695
65583,0.99085426
116698,0.9908494
85071,0.9908467
99829,0.9908441
161270,0.9908388
63513,0.9908358
57131,0.99081755
113715,0.99081564
91407,0.9908084
45332,0.99080163
100132,0.9907975
146058,0.9907919
55401,0.990789
133983,0.99078697
119136,0.9907857
158988,0.9907851
109512,0.99078304
14769,0.9907808
181005,0.99076676
60335,0.9907659
114579,0.9907645
56578,0.99076265
185474,0.9907589
146619,0.9907574
119344,0.9907569
70540,0.9907493
114866,0.99074894
69907,0.99074894
108929,0.990743
60790,0.9907425
44183,0.9907414
128879,0.990739
202720,0.9907358
61756,0.9907238
142355,0.99071807
48911,0.99071664
128291,0.9907079
53428,0.99070555
160978,0.9906943
18769,0.9906928
66554,0.9906907
83801,0.99069
185220,0.9906879
133516,0.99068755
148272,0.990686
175702,0.9906854
197933,0.99068016
124894,0.99067533
95872,0.99067265
66408,0.9906674
135078,0.9906661
109689,0.9906624
62333,0.99065644
115963,0.9906544
70436,0.9906408
111306,0.99063814
121943,0.99063736
147408,0.99063206
163575,0.99062437
170618,0.9906217
159227,0.99061877
147342,0.9906122
115931,0.9906024
117865,0.99059886
136455,0.9905957
144489,0.99059534
113646,0.99058807
45961,0.99058694
165311,0.9905777
119830,0.9905742
44766,0.9905691
82434,0.9905688
122842,0.99056715
94120,0.9905653
106758,0.9905607
149635,0.9905454
41560,0.990542
95163,0.99054176
93827,0.99054074
175667,0.9905404
125770,0.9905331
129986,0.99053055
113903,0.9905302
63436,0.9905241
45587,0.99052083
118125,0.99051404
104870,0.9905117
120610,0.9905116
13384,0.9905115
135492,0.99050575
7376,0.9905049
92008,0.9905025
86836,0.9904945
53370,0.9904942
112281,0.99048924
113369,0.9904846
69672,0.9904799
70457,0.99047893
49300,0.99047744
164892,0.99047273
175699,0.9904715
119917,0.9904698
124709,0.99046236
143905,0.9904585
150325,0.99045724
88512,0.9904553
30664,0.99044806
146419,0.99044776
87226,0.99044764
110579,0.99044573
147010,0.9904445
86932,0.9904413
166937,0.9904355
74516,0.99043244
88756,0.99042517
115049,0.9904197
36865,0.9904123
12608,0.9904081
118133,0.99040645
112945,0.9904054
63296,0.99040353
38965,0.99040246
94414,0.9903942
175836,0.9903902
139648,0.9903886
128449,0.990378
162441,0.9903758
71226,0.99037546
50999,0.9903728
104524,0.9903716
63881,0.9903714
5904,0.9903713
70388,0.9903695
74632,0.9903672
128871,0.9903668
118084,0.9903542
68766,0.9903424
61728,0.99032277
85371,0.99032277
67321,0.99032205
135384,0.9903204
65541,0.9903176
114295,0.990316
166166,0.99031234
92714,0.99031025
39521,0.99030507
156720,0.9902942
106734,0.99029326
47098,0.9902902
26201,0.9902895
44484,0.9902867
98701,0.9902864
109927,0.9902857
151792,0.9902665
127414,0.990265
62083,0.990254
176680,0.9902519
92245,0.9902473
119254,0.99024713
134416,0.99022865
90529,0.9902261
57653,0.9902248
66385,0.9902242
135967,0.99021333
60259,0.9902113
57921,0.99020517
176213,0.99020493
84958,0.99020046
109144,0.99019974
90106,0.99019897
182474,0.99019253
99358,0.990189
69404,0.9901794
125007,0.99016994
117586,0.9901579
96697,0.9901545
83134,0.9901524
129533,0.99015146
150486,0.99014837
99345,0.990146
85029,0.99013853
106475,0.9901348
85428,0.9901309
198304,0.9901309
87652,0.99012744
124959,0.9901216
83920,0.9901191
134057,0.99011886
89808,0.99011874
136183,0.99011874
146661,0.99011093
106993,0.99010754
62067,0.9901007
110509,0.99009866
30369,0.9900928
114637,0.99008816
95184,0.9900866
85053,0.99008393
161521,0.9900788
99994,0.990076
103429,0.9900732
76800,0.9900703
88813,0.9900658
88388,0.9900628
60926,0.99006045
135324,0.9900579
70156,0.9900573
159482,0.9900545
129397,0.9900531
195834,0.9900523
104103,0.99005085
150160,0.990042
115608,0.9900393
127648,0.99003357
172333,0.9900275
151310,0.99002624
52504,0.9900242
192696,0.9900237
97441,0.99002165
63716,0.990006
154731,0.9900047
140521,0.9900019
52203,0.9900012
161078,0.9899989
94821,0.9899989
114562,0.98999757
101447,0.989997
54941,0.98999643
88821,0.9899951
160876,0.98999023
46771,0.989988
126449,0.989986
70546,0.9899858
165723,0.9899714
152714,0.9899693
48792,0.9899642
75187,0.98996335
116894,0.98994803
126287,0.9899469
134020,0.98993313
42507,0.989926
177015,0.989925
116176,0.98991245
197210,0.98990685
115008,0.9899048
81136,0.9899002
106824,0.9898985
79541,0.9898887
104262,0.9898887
136041,0.9898874
60833,0.9898741
178304,0.9898706
92754,0.9898637
121462,0.9898561
98033,0.989856
174118,0.9898548
102578,0.9898511
64979,0.9898476
111259,0.98984456
116321,0.9898421
125724,0.98984104
135538,0.98983127
98236,0.9898183
118946,0.98981255
186619,0.9898122
156083,0.98981196
117830,0.98980546
85513,0.9898024
107126,0.989799
49694,0.98979306
45256,0.9897921
187592,0.9897826
99037,0.9897793
83355,0.9897792
162864,0.98977786
122377,0.98977697
146234,0.98977345
136768,0.9897732
54115,0.98977286
104140,0.98977286
133592,0.9897691
67777,0.9897683
58153,0.98976153
48906,0.9897558
80022,0.9897451
49190,0.98973817
154015,0.98972744
92331,0.98972404
157563,0.9897238
119255,0.98972255
89893,0.9897215
105125,0.98972136
9655,0.9897204
54624,0.98970956
72034,0.9897064
69347,0.9896965
118874,0.9896925
88795,0.9896918
111805,0.98968023
50426,0.98967594
86700,0.9896723
145971,0.98967046
57826,0.9896672
157065,0.98966575
181716,0.9896583
104022,0.98965245
179503,0.9896459
165724,0.9896427
8552,0.98964125
95806,0.9896401
125211,0.989632
149476,0.9896318
158857,0.989629
88407,0.98962796
50806,0.9896249
147378,0.9896231
105019,0.98961896
125756,0.989599
116814,0.9895914
119957,0.9895772
110794,0.9895755
114136,0.98956865
41944,0.98956734
112661,0.98956364
126225,0.98955804
75224,0.9895578
52547,0.98955756
131662,0.98955685
78188,0.989555
63123,0.98955464
87541,0.9895537
118824,0.98955256
126855,0.98954123
87893,0.9895377
108466,0.9895342
105522,0.98952115
63673,0.98951143
124168,0.9895112
121093,0.98950875
109321,0.9895076
86110,0.9895023
72291,0.98948485
173264,0.9894845
99334,0.98948205
133887,0.9894761
40706,0.9894748
118635,0.989474
154223,0.9894665
119304,0.9894665
53911,0.9894657
57661,0.98946536
113212,0.98945427
156834,0.98945415
158547,0.9894538
57329,0.98945224
13461,0.98944366
120623,0.98943526
154112,0.9894316
38219,0.9894314
166062,0.9894287
10582,0.98942786
61294,0.9894264
63253,0.98942286
155076,0.9894203
77534,0.9894164
56562,0.98941106
52515,0.98940873
37523,0.98940617
61362,0.98940593
98425,0.9894041
58040,0.98940384
129896,0.98940337
58060,0.9893835
163054,0.98937804
81415,0.989359
58982,0.9893496
164432,0.9893469
65426,0.9893463
159269,0.989345
152344,0.98933893
13791,0.98933613
100041,0.9893349
43065,0.98932964
162156,0.9893282
116301,0.9893134
184066,0.9893105
13455,0.9893076
169124,0.98930734
80200,0.98930293
58089,0.9893
1395,0.9892975
197458,0.989291
144075,0.9892876
152351,0.9892861
104810,0.9892846
164920,0.98928356
58767,0.98928016
125086,0.9892753
183438,0.9892753
43227,0.9892659
85479,0.98926115
102867,0.98925894
91746,0.9892579
46236,0.9892547
160191,0.98925054
83117,0.989249
113910,0.98924834
157071,0.98924774
137713,0.98924774
118907,0.9892462
110667,0.98924506
85041,0.9892446
157779,0.9892424
177921,0.9892412
127959,0.98924094
100818,0.989239
89850,0.98923606
105471,0.9892358
108272,0.98923475
121221,0.98923445
116317,0.9892341
51013,0.9892322
89589,0.9892308
109333,0.9892301
163572,0.98922557
197548,0.9892245
69388,0.98922336
154684,0.9892174
165982,0.9892162
147893,0.98921573
74204,0.9892147
97405,0.9892095
113412,0.98920816
85816,0.98920083
80612,0.9891994
2144,0.98919815
67081,0.9891956
45228,0.9891952
155455,0.98919386
86448,0.9891935
122389,0.9891895
105782,0.9891878
85288,0.98918486
46843,0.9891817
99759,0.9891816
77551,0.9891767
6873,0.98917294
90996,0.9891672
93792,0.9891672
122755,0.98916477
54935,0.9891633
175019,0.9891588
195393,0.98915815
171614,0.9891571
185949,0.9891566
124002,0.989156
173882,0.9891557
26532,0.9891454
42794,0.9891416
125842,0.98914146
70906,0.9891248
102457,0.98912394
51873,0.98912114
45817,0.9891182
119913,0.98911816
119720,0.98910964
69081,0.9891089
131290,0.98910856
116058,0.9891048
146265,0.98910075
56467,0.98909795
142258,0.989081
113406,0.98907626
5653,0.9890749
168287,0.98906577
119607,0.9890604
45877,0.98905843
154907,0.9890359
74081,0.9890336
51896,0.98903286
92297,0.9890325
93750,0.989032
109210,0.98903126
92293,0.98902845
79067,0.98901993
116813,0.98901856
78990,0.9890141
46221,0.9890065
136832,0.98899764
194142,0.9889957
152295,0.9889944
77536,0.9889824
116831,0.9889746
88291,0.9889713
46997,0.98896724
45476,0.9889671
43847,0.9889665
70412,0.98895895
79187,0.9889577
113322,0.988953
101560,0.9889514
66946,0.9889425
148119,0.98893166
39497,0.98892444
137989,0.9889233
169685,0.9889163
128073,0.9889158
92368,0.9889149
53009,0.98891467
105115,0.9889143
121764,0.988908
127413,0.9889075
15890,0.98890185
74554,0.9888905
128709,0.98887616
10495,0.98887336
41690,0.9888681
74616,0.98885906
108632,0.9888559
141375,0.9888503
75689,0.9888419
65742,0.9888259
38874,0.9888259
93994,0.9888221
112857,0.9888171
62265,0.98881626
145813,0.98881614
181087,0.98881394
140757,0.9888072
71706,0.9888071
90950,0.9888011
123189,0.9887989
112205,0.98879224
77824,0.9887912
109446,0.988771
92717,0.9887694
87938,0.988766
136859,0.98874485
132349,0.9887425
84200,0.98874146
104659,0.9887405
88134,0.98872644
96233,0.98872465
97880,0.98872197
197561,0.98871684
98081,0.98871255
96360,0.9887117
48652,0.98870856
157504,0.9887072
84395,0.9887068
32598,0.98869765
70147,0.9886972
147012,0.9886883
94013,0.98868436
96955,0.9886813
95563,0.98868096
82058,0.98867816
85338,0.9886736
93867,0.98866385
110545,0.98866045
58897,0.9886587
159570,0.98865545
16577,0.9886509
50973,0.98864883
193034,0.9886375
43316,0.9886339
155918,0.9886324
149199,0.98863065
119288,0.9886154
82086,0.98860407
107933,0.98860127
45196,0.98859894
65773,0.9885972
51575,0.9885959
84647,0.98859197
85684,0.98858917
115856,0.9885816
60201,0.98857516
189437,0.9885731
67148,0.9885711
98650,0.988571
28763,0.9885678
57999,0.98855245
108088,0.9885514
173343,0.98854625
51074,0.988535
60571,0.98852485
85468,0.988524
88464,0.9885238
160458,0.9885168
72410,0.98851585
111327,0.98851377
55148,0.9885129
94198,0.98850656
176167,0.9885063
79475,0.9885047
79081,0.9885046
43668,0.98849535
128796,0.98849505
89634,0.9884948
198244,0.9884928
151356,0.98847836
160797,0.98847485
120316,0.9884737
17933,0.9884736
137078,0.98847336
101187,0.9884731
130012,0.9884643
38883,0.988461
41948,0.98846054
117573,0.9884545
125377,0.9884503
83910,0.98844916
83289,0.9884444
91995,0.98844415
27426,0.9884384
61446,0.98843807
56526,0.98843145
99505,0.98841757
105278,0.988415
60361,0.9884145
153605,0.98841375
118696,0.98840326
74323,0.9883995
70361,0.9883917
57629,0.9883916
116396,0.98838824
173228,0.9883824
113968,0.98837656
70286,0.9883747
60074,0.98837054
88295,0.98836714
96347,0.9883625
90560,0.9883613
154484,0.98835945
111370,0.98834616
37760,0.98834455
122799,0.9883365
114483,0.9883343
70193,0.9883343
98399,0.9883306
97236,0.9883299
106805,0.9883199
62432,0.9883199
110934,0.9883172
17820,0.9883165
90114,0.9883107
73744,0.988309
49016,0.9882919
170107,0.9882874
99997,0.988283
10223,0.98827994
42579,0.988279
84109,0.9882784
74250,0.988278
198031,0.98827666
164974,0.9882734
69287,0.98827237
115878,0.98825526
69311,0.9882464
112083,0.98824346
117147,0.98824304
175462,0.98823744
67287,0.98822844
36359,0.9882284
112794,0.9882284
37286,0.98822767
161219,0.9882218
112822,0.9882206
54493,0.98821765
82390,0.9882172
119999,0.98821646
159542,0.98821425
116222,0.98821354
179318,0.98821056
174079,0.98820823
46174,0.9881833
112090,0.98817307
77124,0.988165
58082,0.98815876
129308,0.98815733
75174,0.9881434
92200,0.98814327
64888,0.9881406
161305,0.98814034
129376,0.9881336
57929,0.98813254
28401,0.98812985
73340,0.9881281
147521,0.98811567
99651,0.9881136
86921,0.9881123
115145,0.98811114
113157,0.98810494
147248,0.98810124
60640,0.9880989
41822,0.9880949
82942,0.98809487
91527,0.988084
90069,0.9880796
182983,0.9880774
88998,0.9880773
134622,0.9880719
48671,0.98806876
61408,0.98806494
80278,0.9880425
66312,0.988042
146053,0.9880377
118477,0.9880377
83685,0.98803073
107451,0.9880305
174894,0.9880255
161523,0.98801756
56588,0.9880151
159388,0.98799753
123599,0.98799384
172623,0.98799115
95229,0.9879859
118233,0.9879859
37226,0.98798287
61917,0.9879815
62740,0.98797673
70692,0.9879752
121580,0.9879704
133099,0.9879673
98662,0.9879545
125313,0.9879474
95526,0.98793554
77182,0.9879347
93552,0.9879232
145259,0.9879183
51706,0.98791367
127823,0.987906
129491,0.98790413
70755,0.98790306
151667,0.9879017
55922,0.9878928
132994,0.98788434
119710,0.98787737
107106,0.9878743
90737,0.98787177
119705,0.9878704
151542,0.98786515
188196,0.9878577
68398,0.987856
147564,0.98784095
82805,0.9878372
89386,0.98783433
194542,0.987822
57556,0.9878142
25568,0.9878071
106013,0.98780626
119468,0.9878037
172528,0.9878033
120065,0.9878016
118725,0.98779404
15203,0.9877917
160785,0.9877743
125726,0.9877736
77783,0.98776966
72554,0.98776746
53187,0.98775744
123350,0.9877532
67283,0.9877424
55112,0.9877366
55504,0.98773617
125095,0.9877308
113389,0.9877242
96588,0.9877198
57965,0.9877123
144270,0.9877103
107069,0.98770124
165014,0.9876958
99162,0.9876908
67783,0.98768544
72706,0.9876815
61693,0.9876793
84341,0.98767346
8345,0.98767114
66526,0.98766893
94175,0.9876672
135012,0.98766553
155325,0.9876615
120327,0.9876593
23293,0.98765856
122475,0.98765683
197143,0.98765683
57877,0.9876559
62989,0.9876511
104357,0.98764277
51911,0.9876416
93261,0.9876396
51483,0.9876386
37379,0.98763394
121751,0.98762614
122941,0.9876173
60848,0.9876016
77702,0.9875902
43671,0.9875892
88371,0.9875881
176422,0.9875804
53334,0.9875744
54185,0.98757124
70478,0.9875566
86089,0.98755115
60762,0.98754495
194262,0.98754406
43532,0.9875364
165683,0.98753554
58995,0.987531
139453,0.98753023
115060,0.9875228
132350,0.9875113
115924,0.9875094
37752,0.9875081
173930,0.9875044
138059,0.98750055
77592,0.98749614
47467,0.98749024
121284,0.98748976
130621,0.9874721
76848,0.9874698
137784,0.9874604
57562,0.98745954
85645,0.9874378
159253,0.9874369
72109,0.98743546
47829,0.9874321
153816,0.9874232
87273,0.9874163
107125,0.9874148
42332,0.9874008
141567,0.98739594
124334,0.98738956
92292,0.9873869
147788,0.98738176
23656,0.9873799
90412,0.9873754
113860,0.9873733
122308,0.9873691
13426,0.9873683
163545,0.9873678
85836,0.9873648
50957,0.98735994
133619,0.98735017
37828,0.9873383
150901,0.9873355
100268,0.98732936
164552,0.9873241
98367,0.98732126
137569,0.9873174
92476,0.9873145
81623,0.98731077
63405,0.9872824
146241,0.9872822
90703,0.98727566
122501,0.9872679
88342,0.9872651
125624,0.9872519
98219,0.9872436
122533,0.987235
49580,0.9872291
129941,0.98721796
21856,0.9872154
105989,0.98721457
69787,0.9872121
75537,0.98720145
80442,0.98719144
68625,0.98719096
78092,0.9871889
91551,0.9871776
91694,0.9871673
96259,0.9871618
7763,0.98715276
169065,0.98714983
63724,0.9871487
114053,0.98714846
84617,0.9871345
74608,0.9871251
64499,0.987125
116114,0.98712397
138668,0.9871228
197560,0.98711294
73704,0.98710424
87918,0.9871033
128471,0.9870924
114195,0.9870918
80816,0.9870781
109694,0.98707795
164991,0.9870761
93500,0.9870706
107010,0.98706996
164391,0.98706365
126279,0.9870547
128680,0.9870411
712,0.98704094
48940,0.98702943
122396,0.98702675
92827,0.9870263
119295,0.9870248
128699,0.98702383
63927,0.9870231
126352,0.98701805
132303,0.987015
69440,0.9870129
67676,0.9870041
124992,0.987002
118862,0.9870008
85971,0.9869882
126016,0.9869812
40430,0.98697567
123220,0.9869735
53623,0.98696923
26623,0.9869682
126338,0.9869582
125957,0.98695743
186016,0.9869517
55144,0.9869458
163519,0.98694336
90508,0.9869381
92979,0.9869379
71092,0.9869366
152908,0.9869358
93658,0.98692805
82460,0.98692524
80498,0.9869244
78896,0.98691934
84455,0.98690134
111307,0.9869011
93772,0.98688614
108933,0.98687404
91938,0.9868685
65951,0.9868662
136797,0.9868628
129185,0.9868526
173505,0.9868442
82549,0.9868396
128323,0.9868302
36629,0.9868221
137684,0.9868187
45428,0.9868183
48693,0.98681563
86773,0.98681074
39990,0.9868047
41722,0.98679614
17344,0.98678
158022,0.98677456
115020,0.9867649
121035,0.9867595
104664,0.98675805
63466,0.98675805
122664,0.9867556
125376,0.9867539
123268,0.98674786
92778,0.9867475
80267,0.9867416
95498,0.986728
93909,0.9867258
39432,0.986723
42338,0.98671967
116454,0.98671246
87408,0.9867112
65518,0.98670876
117336,0.9867027
160297,0.98669714
52384,0.98669297
80477,0.98668295
175701,0.9866803
145016,0.98668
136014,0.9866773
113527,0.9866767
84067,0.98667544
136505,0.98667496
94671,0.98667127
49059,0.98666614
68834,0.986666
104968,0.98666346
154735,0.98666257
127417,0.98665804
78458,0.98665154
88518,0.9866485
193766,0.9866457
55400,0.9866405
41363,0.9866384
135523,0.9866302
104834,0.98662865
68158,0.9866253
88944,0.98662126
126192,0.9866152
123389,0.9866095
93489,0.9866043
79585,0.9866029
111016,0.9866014
129527,0.9865913
159782,0.9865832
125435,0.98657775
52111,0.98657346
115740,0.9865675
132538,0.9865672
3621,0.98656577
110497,0.98655915
111109,0.9865568
61037,0.98655534
146911,0.9865513
193399,0.98654985
140387,0.9865491
116601,0.98654526
173331,0.9865354
124175,0.9865241
68567,0.98651904
62835,0.98651856
140543,0.98650825
104017,0.9865041
118196,0.98649234
35009,0.9864867
118729,0.9864839
127057,0.9864796
71935,0.98647445
139373,0.98647004
94250,0.9864391
80522,0.98643756
93435,0.9864245
129669,0.986419
167945,0.98641753
86282,0.9864129
133504,0.9864114
107765,0.9864071
150763,0.9863971
165828,0.986395
85511,0.9863821
30794,0.9863772
154184,0.98637563
143104,0.98637414
159613,0.9863687
129989,0.9863506
136588,0.9863452
84315,0.98633635
119152,0.9863317
112004,0.9863302
76022,0.98632556
89029,0.98632437
69188,0.98632216
69485,0.98631835
122666,0.986317
147247,0.9863067
63046,0.9862769
51112,0.9862726
127708,0.9862705
159911,0.98626316
59736,0.9862628
64055,0.9862619
111862,0.9862613
176678,0.986259
47135,0.9862439
83417,0.98623765
124281,0.98623407
83749,0.98623335
175955,0.98622143
44394,0.9862212
70101,0.98622084
129697,0.9862185
125980,0.9862147
70086,0.9862046
8004,0.9861958
122296,0.98619324
182418,0.9861908
119177,0.98618996
175647,0.9861756
16052,0.9861746
113362,0.9861719
91910,0.98616993
106924,0.9861696
166002,0.9861691
169772,0.9861645
139204,0.98615545
112836,0.98615265
85716,0.9861492
63890,0.9861481
46932,0.9861479
7040,0.98613644
162365,0.98613054
142772,0.9861255
81757,0.98612195
191831,0.98612076
120783,0.98611593
145876,0.98610884
173813,0.9861041
170030,0.98610383
40749,0.98610175
138147,0.98609746
103624,0.98609364
27434,0.9860892
163188,0.98608243
108873,0.9860822
89950,0.9860794
141903,0.98607427
74478,0.9860729
157634,0.98606896
154055,0.98605424
163715,0.98604935
106272,0.9860486
43909,0.98604476
53489,0.9860407
57767,0.98604035
98837,0.98603654
79201,0.9860269
60717,0.9860226
21713,0.9860086
48414,0.9860066
171354,0.9860014
176897,0.9859896
93210,0.9859827
142509,0.9859805
91989,0.9859804
53830,0.9859774
77298,0.9859729
161286,0.9859723
2577,0.98597187
16801,0.98596954
70519,0.9859685
86199,0.98596627
52207,0.9859654
167113,0.9859585
89095,0.98594564
108077,0.98593706
5625,0.98593605
147853,0.98593485
74594,0.9859313
147974,0.98592037
156743,0.9859189
90455,0.9859185
135183,0.98591644
50252,0.9859136
50279,0.9859119
95612,0.985899
109059,0.9858914
182834,0.9858861
112421,0.98588514
90082,0.98587567
61813,0.9858742
166661,0.98586625
94422,0.9858618
123981,0.9858548
11266,0.98585236
120479,0.985811
24728,0.9858094
39350,0.9858084
89633,0.98580825
94510,0.98580164
90274,0.9857977
961,0.9857955
66599,0.9857846
196316,0.9857787
122078,0.98577696
141458,0.98577625
118422,0.9857738
170670,0.98576665
131950,0.9857654
194069,0.9857641
127275,0.9857635
109761,0.98576295
113754,0.98575747
113355,0.9857464
118813,0.98573214
134971,0.985732
50177,0.9857307
6984,0.98572665
141658,0.9857259
139835,0.98572296
56755,0.98572034
79394,0.98571396
139329,0.9857103
37863,0.98571014
127980,0.98570627
199497,0.9856859
37880,0.9856834
34186,0.98567814
88470,0.98567563
71613,0.98567444
114790,0.985671
112763,0.9856699
85523,0.9856661
123881,0.9856608
138800,0.98563784
101036,0.9856323
187583,0.98563045
82641,0.9856221
68993,0.9856124
60190,0.9855906
89254,0.98558354
183052,0.98558205
166384,0.98558027
132524,0.98556745
166521,0.98556685
48222,0.98555815
77677,0.985551
121873,0.98555
66172,0.98554903
56766,0.9855481
37263,0.9855472
90014,0.9855409
78746,0.9855397
8557,0.985537
90658,0.9855317
160715,0.98551846
43145,0.9855085
78264,0.9854968
182958,0.985494
135884,0.9854936
80771,0.9854913
110252,0.9854864
65960,0.9854805
49898,0.98547935
133035,0.98547703
196548,0.9854731
149166,0.9854608
67523,0.9854607
97351,0.98545015
57382,0.9854394
56487,0.985437
146353,0.98542714
101617,0.9854199
124432,0.9854197
64791,0.9854174
63665,0.9854166
6868,0.9854154
166766,0.9854139
89641,0.98540753
117354,0.9854028
75051,0.9853978
102843,0.98539644
97806,0.98537725
163571,0.98537374
93001,0.985364
36089,0.98536366
110900,0.9853587
14565,0.9853527
150953,0.98534966
57568,0.98534876
116537,0.9853312
134992,0.9853265
121722,0.98532176
166888,0.9853216
158938,0.9853173
88582,0.9853166
37204,0.98530906
61911,0.9853078
165641,0.9853011
65755,0.98529726
120685,0.9852952
114569,0.98529357
140270,0.9852764
166747,0.9852748
102871,0.9852711
126467,0.9852625
134867,0.98524356
76778,0.98524255
56837,0.98522377
43122,0.985218
102987,0.9852058
184289,0.9852055
79066,0.985204
149500,0.9852036
66317,0.985201
48586,0.98518735
63320,0.9851811
154314,0.9851769
100269,0.9851704
90343,0.9851698
57265,0.9851591
88446,0.98515874
157406,0.9851482
109963,0.9851482
50507,0.98514605
177155,0.9851407
114461,0.98513246
141125,0.9851243
7568,0.98512274
143175,0.9851193
125464,0.98511153
81295,0.98510724
109622,0.9851038
193461,0.9851033
154033,0.9851031
120495,0.9850873
68091,0.98508227
183808,0.98507994
132956,0.9850797
99468,0.9850786
17890,0.9850637
56172,0.98505974
83601,0.9850596
136915,0.98505473
25710,0.98505276
120608,0.98505265
140522,0.9850521
72417,0.9850439
151906,0.9850407
13402,0.9850395
113404,0.98503786
133960,0.98503137
102962,0.98501855
112170,0.98501563
63408,0.9850118
179927,0.9850102
115619,0.98500764
122376,0.9850063
166183,0.98500454
113887,0.98499334
153104,0.9849917
71223,0.98498964
80809,0.9849879
84053,0.9849798
101494,0.984974
62952,0.9849718
122665,0.98497033
39947,0.98496693
124044,0.9849657
50506,0.9849583
103902,0.98495704
144792,0.9849545
88098,0.9849487
90332,0.9849475
153479,0.98493975
86924,0.9849338
79458,0.9849281
114896,0.98492485
68955,0.98492175
105424,0.98492163
46395,0.9849198
101990,0.9849194
94208,0.98491895
127556,0.98491466
90400,0.9849132
58197,0.9849037
133557,0.98490334
146205,0.9849027
92773,0.98489654
90670,0.9848932
89392,0.98489285
56890,0.98488474
136487,0.98488367
56887,0.9848776
162488,0.98486775
138105,0.9848541
168380,0.9848536
68789,0.98484194
39745,0.98484194
176842,0.98483723
104250,0.98483723
92625,0.9848348
134807,0.98483384
99769,0.98483294
9793,0.98482865
41508,0.98482275
178612,0.9848186
140386,0.9848114
10640,0.9848028
119708,0.98479396
86296,0.9847895
104328,0.9847889
103640,0.9847888
85535,0.9847884
59762,0.9847853
67876,0.9847816
149020,0.98477167
122790,0.9847681
77505,0.98476785
119482,0.98475766
133033,0.9847526
121064,0.9847525
68280,0.9847515
102420,0.98474413
166089,0.9847416
121676,0.98473996
125430,0.984737
103087,0.98473376
106804,0.98472935
118087,0.98472655
176331,0.9847169
68691,0.98471534
78701,0.9847112
3226,0.9847081
77420,0.9846948
153508,0.9846922
112653,0.98468333
92918,0.9846816
123285,0.98467815
111042,0.98467237
129479,0.98467016
110120,0.98466533
159906,0.98466164
124808,0.9846572
127709,0.98465586
55090,0.9846355
9911,0.98463017
125459,0.984626
27533,0.9846128
63892,0.9846091
37305,0.98460877
82492,0.98460835
84438,0.9846069
129898,0.98460615
94190,0.98460233
77827,0.98459816
133384,0.98459363
104601,0.98459053
188581,0.98458636
80799,0.984582
94105,0.9845733
77327,0.98457044
112513,0.98456144
58085,0.98456085
87277,0.98455966
103518,0.9845576
94397,0.98455715
127852,0.9845569
55625,0.98455507
91274,0.98455435
123885,0.9845538
87821,0.98455346
179354,0.9845465
79723,0.98454523
191617,0.98453724
90064,0.98453146
62428,0.98452514
53737,0.98452383
164838,0.9845206
75406,0.9845191
110117,0.9845159
55751,0.9845116
92024,0.9844919
80499,0.98448944
58323,0.98448205
91682,0.984479
38029,0.9844785
164888,0.98447824
92897,0.9844642
11477,0.9844493
71224,0.98443747
69047,0.98443687
192743,0.9844274
119223,0.98442715
86973,0.9844155
30563,0.9844035
92279,0.9844015
113415,0.98439944
143212,0.98439425
177734,0.98438305
66803,0.98437977
122304,0.984363
61217,0.9843552
125067,0.98434573
104221,0.9843455
48299,0.98434216
118105,0.9843419
117432,0.9843417
93773,0.98433876
61923,0.98433775
112680,0.9843329
77631,0.98432803
85160,0.9843263
172456,0.9843187
63535,0.98431116
91443,0.984304
55050,0.9843017
188913,0.98430115
94173,0.9843002
58679,0.9842977
152834,0.98429745
8346,0.9842903
170855,0.98428506
163176,0.9842802
103018,0.9842785
47719,0.98427737
129681,0.98427504
93617,0.9842641
93150,0.98426086
154340,0.9842572
90134,0.9842567
103361,0.9842532
187103,0.9842419
102333,0.98423564
68880,0.9842316
101464,0.9842301
152733,0.984228
200672,0.9842249
111185,0.9842174
63473,0.98421615
122439,0.9842122
52489,0.98420495
28863,0.98420423
98583,0.9842025
14936,0.98419684
46227,0.9841936
14403,0.9841929
101255,0.9841903
139044,0.9841861
139781,0.98418367
54048,0.9841823
74620,0.9841802
140105,0.9841764
197694,0.98417217
35619,0.98417133
172668,0.9841681
92012,0.9841644
109145,0.9841524
58381,0.98414445
113184,0.98414177
168437,0.98414016
150436,0.9841381
49789,0.98413
129710,0.98412967
157485,0.98412585
14697,0.9841255
80875,0.9840957
126585,0.98407346
108662,0.98407215
114400,0.98406833
114253,0.98406637
131625,0.9840641
15615,0.9840583
74147,0.9840555
130009,0.98404664
68403,0.98404527
66163,0.9840448
71929,0.98404294
49739,0.9840353
151595,0.9840236
105409,0.98399806
183751,0.9839888
124139,0.983986
98526,0.9839856
113327,0.98398477
89887,0.9839753
115277,0.9839739
128827,0.98396873
99696,0.9839564
66538,0.98395306
48852,0.98394555
166491,0.9839415
64938,0.9839266
112088,0.9839257
113426,0.9839243
3690,0.98390955
86269,0.98390377
38022,0.98389935
155401,0.98389894
108605,0.9838964
148112,0.9838927
35938,0.9838824
144614,0.9838786
45847,0.98387754
162109,0.98387456
164857,0.98387235
109098,0.9838712
92019,0.98386693
172886,0.98385924
106551,0.9838374
95431,0.983833
181587,0.983832
120748,0.98381954
84005,0.98381215
145288,0.98380834
146792,0.98380417
143636,0.9837968
136044,0.9837894
164517,0.98378366
125759,0.9837818
147658,0.98377496
52472,0.98377407
164037,0.98377085
81982,0.9837558
66494,0.98374915
114339,0.983742
128153,0.98373806
41943,0.983734
100913,0.98372847
80079,0.983723
139985,0.98370785
60880,0.9837059
92869,0.98370355
186986,0.9837001
23812,0.98369956
38784,0.9836965
154042,0.9836964
29776,0.9836947
163145,0.98368883
91255,0.98368627
40130,0.9836834
51651,0.9836776
113446,0.9836759
145927,0.98367345
71075,0.9836722
45227,0.9836706
171027,0.9836705
44140,0.9836691
114500,0.98366886
119054,0.98365825
90575,0.98365074
104197,0.98364025
15613,0.98362684
106887,0.98362374
45518,0.9836236
57261,0.9836178
142443,0.9836098
108905,0.9836035
61482,0.9835998
165527,0.98359066
110407,0.98359007
152049,0.9835898
96664,0.98358786
65933,0.9835867
129404,0.98358214
113466,0.9835596
88849,0.98354834
115500,0.9835359
34799,0.9835355
118300,0.9835345
68788,0.98351884
15861,0.98351014
160712,0.98350924
157936,0.98350614
4122,0.9835044
65872,0.9834995
47926,0.98349714
95183,0.9834933
121725,0.98347986
126954,0.98347765
147775,0.9834757
130338,0.9834715
20497,0.98346484
157567,0.9834592
17076,0.9834379
76397,0.9834251
28776,0.9834167
125427,0.9834132
134606,0.98340803
181215,0.9834057
86024,0.9834019
62991,0.98340154
105830,0.9833815
83043,0.9833698
120125,0.9833635
109969,0.9833626
11473,0.9833577
101551,0.9833515
74814,0.9833498
58765,0.9833468
116552,0.9833422
121319,0.9833362
59606,0.9833308
68411,0.9833173
140247,0.98329353
121675,0.9832925
138827,0.98329157
114355,0.98328906
128004,0.98328525
45975,0.98327416
46705,0.98327106
134171,0.9832682
106886,0.9832661
128984,0.983266
143025,0.9832607
48874,0.9832546
107141,0.98324835
55523,0.98324007
70466,0.98323214
49853,0.9832302
120061,0.98322994
59483,0.98322165
83782,0.98321426
99588,0.9832009
82049,0.9831964
134259,0.9831934
78269,0.9831855
45312,0.9831669
109273,0.9831639
151606,0.9831613
135708,0.98315316
95707,0.98314923
113429,0.9831436
192515,0.98313946
99582,0.98313254
176391,0.9831287
128368,0.9831275
172161,0.98311156
192703,0.9831092
178491,0.98310846
175498,0.9830941
110745,0.9830928
146996,0.9830891
141328,0.9830866
98983,0.9830839
81598,0.98308104
202123,0.9830782
171281,0.98307586
135814,0.98306733
44745,0.98306483
129158,0.9830595
10938,0.98305535
55661,0.9830535
33153,0.9830535
52961,0.9830496
113647,0.98304075
109452,0.9830403
30251,0.9830263
43090,0.9830241
123309,0.98301136
126692,0.9830073
103400,0.9830027
44650,0.98300076
162826,0.9830004
91398,0.9829989
66483,0.98299855
57851,0.9829959
93986,0.9829925
136032,0.9829883
79404,0.98298454
167026,0.9829828
43102,0.98298097
141158,0.98297346
180381,0.98296887
76329,0.98296404
80149,0.98295146
145164,0.9829474
95916,0.9829443
120974,0.9829381
50896,0.98292947
154481,0.98292947
29177,0.9829227
121129,0.9829139
103554,0.982913
164779,0.98289776
85820,0.9828934
85509,0.9828918
94827,0.9828797
85384,0.98287773
39486,0.98286706
46545,0.9828587
157146,0.98285735
146065,0.98285264
100256,0.98284894
74160,0.9828378
40358,0.9828377
60714,0.9828357
96799,0.982834
84381,0.98283
80535,0.9828294
78702,0.98282534
90651,0.9828163
98933,0.9828136
160793,0.9828098
52964,0.9828052
52973,0.98280084
112887,0.9827999
177897,0.9827776
68733,0.9827756
38267,0.9827648
10467,0.9827596
55841,0.98275244
146332,0.982735
68767,0.98273027
110807,0.98272806
59864,0.98271966
96990,0.98270977
64948,0.9827094
162707,0.9826812
166246,0.98266935
138168,0.9826681
48799,0.9826676
93117,0.98266405
110664,0.98266023
83136,0.9826569
135880,0.98264724
18116,0.98264647
109166,0.98264354
66436,0.98263836
166326,0.98262537
44815,0.98262274
130330,0.9826171
97680,0.98260486
110995,0.98260486
57616,0.9825889
136589,0.9825859
50921,0.9825798
99116,0.98257476
13934,0.9825676
52043,0.98256725
102762,0.9825516
30517,0.98254806
39649,0.98254794
175134,0.9825409
73202,0.98253834
34198,0.98253644
73845,0.9825225
157767,0.98251605
72687,0.9825105
50846,0.98250926
116495,0.982501
86559,0.98249835
77476,0.9824974
83649,0.98249716
46019,0.98249143
159589,0.9824881
89697,0.9824828
123228,0.98247415
148328,0.9824738
169358,0.982466
121036,0.9824654
99191,0.982462
117008,0.98246187
90587,0.9824563
170673,0.9824531
80436,0.9824531
103461,0.9824515
202437,0.9824477
46789,0.98244506
167518,0.9824388
88539,0.9824372
138006,0.9824357
97945,0.9824341
165722,0.98243225
41644,0.98242885
158714,0.9824196
147468,0.9824181
158979,0.9824172
170981,0.9824166
101514,0.982414
154113,0.98240936
55015,0.98239547
109345,0.98239535
80381,0.9823887
13284,0.9823874
142737,0.9823804
85065,0.9823691
169704,0.98236793
192806,0.9823632
90755,0.9823589
133696,0.9823568
2663,0.9823538
53766,0.9823507
111648,0.98234665
180089,0.98234105
108722,0.9823401
57206,0.98233956
164902,0.98233724
87490,0.98233205
40507,0.9823308
28952,0.9823278
169045,0.9823101
119565,0.9823046
134853,0.982276
87790,0.98227525
68682,0.9822666
102231,0.9822595
49957,0.9822535
113447,0.9822396
15165,0.98223615
111312,0.98223317
67014,0.98222935
111385,0.98222554
190111,0.9822208
40496,0.9822202
121481,0.98222005
58311,0.9822123
87057,0.9821988
49565,0.9821846
95897,0.982179
60440,0.9821775
103512,0.9821723
103506,0.98215264
28370,0.9821467
64454,0.98214
179319,0.9821385
11820,0.9821377
78131,0.9821175
91780,0.9821169
122728,0.98211414
99308,0.98210734
86636,0.9821001
145970,0.9820987
146262,0.98208815
7025,0.98208284
116500,0.98208034
129595,0.98207414
50944,0.98205954
90868,0.982052
90042,0.9820493
127908,0.9820316
104207,0.98203033
36052,0.98202604
134926,0.98202294
50875,0.9820192
96101,0.9820185
80262,0.98201275
57596,0.9820035
145574,0.9819838
112104,0.9819826
98227,0.9819796
127170,0.98197377
124583,0.98197055
155437,0.9819573
75910,0.9819567
161241,0.9819518
112011,0.9819479
24127,0.9819472
114020,0.9819416
64288,0.9819334
93266,0.9819257
14192,0.98192513
121435,0.9819182
67920,0.9819178
177700,0.98191273
123501,0.9819105
151866,0.981904
90845,0.9819
143975,0.9818985
115929,0.9818813
102109,0.9818762
75316,0.98187065
153642,0.98184663
23657,0.9818376
47656,0.9818376
47966,0.981834
105207,0.9818216
13633,0.9818201
140080,0.9818157
192245,0.9818148
24317,0.981807
111904,0.98179996
40803,0.9817861
150275,0.98178446
58986,0.9817722
57069,0.9817707
162393,0.98176837
111030,0.9817646
171818,0.9817591
62209,0.98174745
83192,0.9817406
87578,0.9817244
42977,0.98172337
163817,0.9817052
70827,0.9817038
147003,0.98169315
136824,0.9816859
105138,0.9816828
123231,0.9816744
116950,0.9816731
43506,0.9816688
109269,0.981655
82475,0.9816522
173409,0.9816475
77857,0.9816434
76035,0.9816414
144190,0.98164016
122418,0.98163307
154138,0.98162687
66319,0.98162454
1470,0.98162144
133030,0.98161304
182632,0.9816087
88740,0.9816087
165902,0.98160064
109228,0.9815953
118161,0.98159295
77129,0.9815891
70537,0.98158514
102628,0.981573
127090,0.98156863
39919,0.9815631
56817,0.98155355
57294,0.9815516
78062,0.9815471
57757,0.98153865
118344,0.98153746
91047,0.98153037
65938,0.98153037
181391,0.98152936
105876,0.981529
36373,0.981517
125470,0.9815145
10360,0.98151314
70302,0.9815123
64837,0.98150384
9035,0.98149097
72785,0.9814881
105300,0.98148614
50936,0.9814851
58061,0.9814843
69950,0.98148096
153968,0.98147595
150380,0.981475
152239,0.9814705
106617,0.981459
126147,0.9814564
70959,0.9814542
133868,0.9814523
73412,0.9814496
93624,0.9814493
136949,0.9814386
69308,0.9814342
107686,0.98143345
14193,0.9814317
13723,0.9814306
110390,0.98143023
91640,0.98142886
114684,0.9814152
12066,0.9814109
41892,0.98140585
147781,0.98140585
122097,0.98139346
77809,0.9813922
183993,0.98139143
198357,0.98137337
100628,0.9813659
91123,0.9813643
51040,0.98136246
137259,0.98136145
94144,0.98135936
139640,0.98135763
102816,0.9813518
159639,0.98134965
126057,0.9813486
16346,0.9813463
176445,0.98134595
162527,0.98134494
177755,0.9813426
128329,0.98133576
49874,0.9813219
44679,0.9813182
14641,0.98131084
108778,0.98131025
94373,0.98130316
181927,0.9813029
175508,0.9812976
97690,0.98129463
166739,0.9812893
86685,0.98128927
107852,0.98128784
133982,0.98128706
152005,0.981279
118963,0.98126787
110362,0.9812531
136102,0.98124826
76464,0.9812445
70011,0.9812275
86260,0.9812231
67007,0.981212
103816,0.98120683
121012,0.981204
42367,0.9811965
198095,0.98119557
78703,0.98119557
90800,0.98119444
100136,0.98119384
104469,0.9811896
92615,0.98118365
52261,0.98118204
92160,0.98118114
165797,0.9811763
114609,0.98117375
198700,0.9811554
80874,0.9811478
119844,0.9811428
109588,0.9811396
92230,0.98111665
146648,0.9811126
90111,0.98110425
51342,0.98110217
59858,0.98110193
168391,0.9810961
145657,0.9810937
90975,0.98107415
138809,0.9810712
113951,0.9810416
102403,0.98103136
164959,0.9810238
170711,0.98102164
87179,0.98101014
90850,0.98100865
177170,0.9810052
121108,0.9810017
92616,0.98098135
83045,0.98096853
108536,0.9809651
70772,0.9809513
93309,0.9809487
62041,0.980943
50881,0.9809281
191239,0.9809224
136424,0.980899
67431,0.98089015
87515,0.9808863
481,0.9808834
10183,0.9808827
78373,0.98087573
57424,0.9808679
129698,0.98085093
142724,0.98084575
82954,0.9808398
192469,0.98083305
87215,0.98083156
41094,0.9808287
30045,0.9808233
107580,0.9808225
152545,0.9808188
141892,0.9808184
50989,0.9808111
153759,0.9808085
16065,0.9807984
110826,0.98079807
145126,0.9807906
144570,0.98079014
167770,0.98078674
105654,0.9807717
111219,0.9807546
130005,0.9807529
151155,0.9807525
154307,0.9807402
91359,0.9807375
60573,0.9807252
147751,0.98071665
90633,0.9807061
77185,0.98069715
16357,0.98069394
107910,0.9806911
107713,0.9806548
124285,0.98064154
104122,0.98063815
36223,0.9806285
183621,0.98062485
102460,0.98062366
112994,0.98061746
72167,0.98061645
120792,0.98060536
141053,0.9806027
164104,0.98059684
178645,0.98059654
111121,0.98059344
17439,0.9805864
71372,0.9805818
84938,0.98057336
24653,0.9805674
188096,0.98056716
55244,0.98056525
90215,0.9805648
56437,0.9805592
175362,0.98055685
101302,0.98054755
102804,0.9805463
55379,0.98054445
24642,0.9805238
22040,0.98052067
168257,0.9805043
113672,0.98048234
90864,0.98048145
110657,0.98047525
136992,0.9804701
39835,0.98044467
93194,0.9804437
115637,0.98044056
88262,0.9804386
200613,0.980438
199069,0.98043585
66945,0.9804339
107891,0.9804331
157112,0.9804316
187923,0.9804283
68607,0.9804261
115205,0.9804213
34644,0.98042
162836,0.98040503
101398,0.9803924
111067,0.9803767
178683,0.98036367
106745,0.98036236
156144,0.98035824
83010,0.9803524
192052,0.98033464
40433,0.9803319
119974,0.9803315
96470,0.9803272
125894,0.9803241
178402,0.98031896
103765,0.9803094
159730,0.9803084
38562,0.9803036
90813,0.98029476
108040,0.98028725
143186,0.98028505
111542,0.98028195
126940,0.9802813
76298,0.98027736
69111,0.9802736
63966,0.98027337
137256,0.9802699
73588,0.9802642
89466,0.98026407
162651,0.9802521
104294,0.9802494
127134,0.9802492
69974,0.9802468
111560,0.98024637
59151,0.9802373
100477,0.98023176
67625,0.9802296
109218,0.98020977
123359,0.98020834
44769,0.9802082
44751,0.9802069
44143,0.9802035
104178,0.98020166
156550,0.98020107
41951,0.9802009
128144,0.9801947
44793,0.9801869
44010,0.98016626
95700,0.98016447
56531,0.98015726
80802,0.9801515
142656,0.9801459
47308,0.980141
108278,0.9801395
118658,0.98013204
182943,0.9801241
89251,0.9801239
102108,0.98012036
191680,0.9801052
83046,0.9801032
57076,0.98008174
75048,0.9800745
128565,0.9800729
92311,0.980071
93358,0.9800693
41935,0.98006827
78267,0.98006094
63736,0.9800576
125235,0.98005724
70648,0.9800483
170287,0.9800413
47032,0.98002726
82627,0.9799977
154156,0.97999465
44348,0.97998464
109789,0.9799799
158020,0.9799789
67149,0.9799785
129769,0.9799753
89005,0.97997403
55055,0.9799716
78963,0.97996074
173811,0.979959
84446,0.9799499
79022,0.9799473
103712,0.97994345
78559,0.9799405
77666,0.9799325
76367,0.9799209
77342,0.9799208
118395,0.97991335
128098,0.9799064
87006,0.97990376
14091,0.97989184
51462,0.97987914
109441,0.9798783
123962,0.97987545
48385,0.9798678
185436,0.9798624
108573,0.979857
40384,0.97985303
89158,0.9798512
124609,0.979841
70353,0.97983885
74540,0.9798361
113312,0.97983474
21103,0.979833
105415,0.9798313
85293,0.97980565
69046,0.97979766
197625,0.97979295
117006,0.97978324
65716,0.9797831
167521,0.97977155
78044,0.97976947
130536,0.97976214
82664,0.97976184
3246,0.9797529
120639,0.9797432
94785,0.9797422
32436,0.97973883
129095,0.9797349
73633,0.9797284
39287,0.97972804
160908,0.97972244
115534,0.9797207
127100,0.9797147
145932,0.9797133
86446,0.97971284
80076,0.9797116
124554,0.9797085
127196,0.97970027
117521,0.97969943
70288,0.9796917
130069,0.9796911
140322,0.9796886
69410,0.97968036
98280,0.9796799
155842,0.9796775
99964,0.9796734
42128,0.97967076
123424,0.9796596
109068,0.97965795
129432,0.97965014
130178,0.9796482
99428,0.97964567
130486,0.9796403
187190,0.9796396
126889,0.9796373
22483,0.9796291
127764,0.9796268
128019,0.9796047
141528,0.97960085
129272,0.97959876
203347,0.97959465
129645,0.9795919
37227,0.9795694
130575,0.9795665
127143,0.97956365
26400,0.97956014
57714,0.9795598
89202,0.97955316
168596,0.97955245
154752,0.9795496
102300,0.9795442
95474,0.9795436
128923,0.97954327
66279,0.9795247
45682,0.97951734
95222,0.9795163
48981,0.97951424
138362,0.9795139
127932,0.9795132
130311,0.97951174
79076,0.97951114
7781,0.9794989
109983,0.9794789
61183,0.97947776
126895,0.97947717
124080,0.97946906
135117,0.9794676
73819,0.9794661
95880,0.97945994
144199,0.97944266
7561,0.97944117
123952,0.97942483
10885,0.9794247
82826,0.9794231
14472,0.9794221
108193,0.979421
127974,0.9794057
130106,0.979404
68174,0.97939837
75020,0.97939837
154784,0.97938615
126342,0.9793825
100255,0.97937876
154252,0.97936547
109483,0.97936434
109998,0.97936
130494,0.979359
48429,0.979357
175858,0.9793545
135717,0.9793538
89558,0.97935164
119877,0.9793427
113437,0.9793323
79775,0.97932154
203007,0.979321
87748,0.9793173
68777,0.9793107
143982,0.97930783
155735,0.9793027
96089,0.9792985
120629,0.97929776
176133,0.97929037
128108,0.97928065
14123,0.9792768
61731,0.9792702
85990,0.9792668
86922,0.9792642
125342,0.97926384
134019,0.97925615
182852,0.979254
92261,0.9792518
112005,0.9792515
120554,0.97925127
55066,0.97924894
49895,0.9792419
130470,0.97923636
128088,0.97923386
79759,0.9792275
131171,0.97921306
72823,0.9792046
129861,0.9792044
128969,0.9791915
14167,0.9791768
3401,0.9791718
104989,0.9791703
25652,0.97916836
73997,0.9791671
121450,0.97916037
46505,0.97914827
56971,0.9791454
159747,0.97914505
109832,0.97914255
65467,0.9791404
56930,0.97913295
70952,0.97912425
130166,0.97912014
103139,0.97912014
31176,0.9791159
127162,0.97911423
87055,0.97910863
37714,0.9791083
31453,0.9791005
136573,0.97909796
127025,0.9790906
25733,0.9790852
144237,0.9790829
84397,0.9790826
165644,0.97907853
139392,0.9790756
130236,0.979054
114853,0.9790476
59910,0.9790415
88925,0.9790359
129240,0.9790355
88960,0.97903293
127274,0.9790299
116308,0.9790261
103650,0.97901684
199353,0.97901595
5290,0.97901386
145097,0.9790132
130261,0.97901034
75234,0.97900987
111515,0.978997
90634,0.9789903
179382,0.9789882
14488,0.9789716
133551,0.97896886
68107,0.9789682
85745,0.97896796
67500,0.9789665
243,0.9789363
177260,0.9789184
95661,0.97891027
110890,0.97890395
67210,0.9789013
105771,0.9788938
16524,0.97888136
130430,0.9788689
40131,0.978864
83238,0.97885567
73438,0.97885406
93892,0.9788431
53813,0.97884285
86469,0.97882473
112704,0.9787982
177122,0.97879344
49605,0.9787885
89170,0.9787643
102572,0.9787594
51469,0.9787481
110881,0.97874784
128508,0.9787465
122000,0.9787421
116120,0.97873986
82441,0.9787306
90419,0.97872865
58764,0.9787249
52542,0.97871506
111334,0.9787056
110483,0.97869986
18942,0.9786981
29556,0.97869694
127754,0.97869027
10158,0.978679
89099,0.9786726
86435,0.9786726
157049,0.97866184
87953,0.9786549
93032,0.97865385
139592,0.97865146
55127,0.97864383
92604,0.9786347
103170,0.9786301
155634,0.9786227
96195,0.9786214
60041,0.9786173
72182,0.9786128
121106,0.9786123
111265,0.97861195
64892,0.9786033
162721,0.9786012
170221,0.97859967
130926,0.9785921
128089,0.9785839
113546,0.97856605
127502,0.97854954
194585,0.97854346
189782,0.97852975
139680,0.9785265
67553,0.97852623
88696,0.9785209
163610,0.9785074
138166,0.9785009
131078,0.9785009
3349,0.978492
91129,0.97849005
17020,0.9784822
1264,0.9784733
88458,0.97847146
82786,0.97846794
101890,0.97846496
66246,0.9784572
133756,0.97845596
49832,0.97845596
128293,0.9784545
84069,0.9784514
78637,0.9784411
146802,0.9784347
123158,0.9784339
17037,0.9784252
129976,0.97842467
170299,0.97841704
61095,0.9784088
134176,0.97840047
104337,0.97839
66475,0.97838116
12175,0.9783788
154182,0.9783756
103927,0.9783694
28146,0.9783609
46927,0.9783568
95135,0.9783498
31179,0.9783474
112267,0.97834384
110930,0.9783434
157186,0.97833985
119077,0.97831327
128067,0.9783059
92101,0.9783044
160326,0.97830266
46524,0.9783026
94033,0.9782688
67900,0.9782688
174164,0.97826666
159064,0.9782614
107553,0.97824425
91254,0.9782431
167727,0.97824097
79861,0.97823435
92265,0.9782282
78947,0.97822714
85075,0.9782215
2500,0.9782179
53558,0.97821575
182993,0.9782104
13640,0.9781893
119093,0.97818494
78880,0.9781838
41727,0.9781692
13254,0.9781652
112218,0.9781648
53541,0.9781617
58318,0.97815835
108302,0.9781422
107023,0.97813797
78472,0.9781349
70781,0.97811526
85014,0.97810537
83013,0.9781041
123428,0.9781019
82884,0.9780977
197373,0.9780909
85860,0.9780862
181558,0.9780783
170936,0.97807443
73509,0.9780733
166122,0.97807044
147667,0.97806895
90399,0.97806144
92153,0.97805846
103962,0.97805095
137541,0.978049
93385,0.9780483
122052,0.9780472
86028,0.97803724
203603,0.97803557
151358,0.9780256
124710,0.97802246
56058,0.9780222
110576,0.9780213
8473,0.9780197
76297,0.97801924
63478,0.9780191
114272,0.9780181
157019,0.9780175
99931,0.9780141
191766,0.9780115
142452,0.978005
61320,0.9779846
162378,0.97798425
106268,0.9779829
69434,0.97797865
100429,0.9779726
100236,0.97795916
52105,0.97795826
118079,0.9779513
75679,0.9779351
141165,0.97793406
40768,0.97793394
10154,0.97793317
89120,0.97793293
69781,0.9779042
61233,0.9779003
141700,0.97788686
112254,0.9778786
13970,0.9778512
143035,0.9778511
95232,0.9778464
116622,0.9778454
135102,0.977844
129676,0.9778426
87026,0.97782886
91974,0.9778153
78152,0.9778104
25764,0.9777991
57705,0.97777873
1519,0.97777474
169052,0.9777654
95743,0.97775817
129797,0.9777479
125231,0.9777413
65803,0.9777389
137752,0.9777374
85421,0.9777259
161095,0.97772455
39551,0.97772413
108376,0.97770214
154043,0.9776912
146518,0.97768843
61725,0.97768253
89709,0.9776382
143144,0.9776349
194727,0.97763306
129237,0.9776284
108140,0.9776063
181444,0.9776058
166152,0.977603
125159,0.9776029
133825,0.97759193
52179,0.9775917
130573,0.9775904
104183,0.9775827
16393,0.977572
89967,0.97755104
113983,0.97752106
27353,0.9775154
46296,0.9775145
130456,0.97751355
82608,0.97750926
79499,0.9775056
129433,0.97750515
90526,0.97750115
132262,0.97749364
3018,0.9774923
14211,0.97749203
130011,0.9774793
136820,0.9774785
122166,0.9774735
50938,0.9774631
98283,0.9774588
57944,0.9774563
69223,0.9774444
111212,0.97743976
110314,0.97743464
100521,0.9774259
59724,0.9774228
147337,0.9774205
77189,0.9774185
109538,0.97741765
44984,0.9774171
57228,0.9774171
55840,0.9774121
58081,0.9774114
142393,0.977403
161030,0.97740084
96241,0.97739923
135575,0.97739863
128976,0.97738534
91563,0.97738385
155973,0.9773793
82093,0.9773753
51321,0.9773726
36031,0.97737086
113777,0.9773606
50019,0.97734046
14925,0.97733545
197713,0.97732633
176123,0.9773237
117017,0.9773171
185639,0.97731394
128715,0.97731197
86788,0.9772857
155823,0.9772833
147006,0.97728115
95505,0.9772668
40691,0.9772659
67230,0.97725725
125383,0.9772535
94126,0.9772486
84757,0.9772364
140617,0.9772341
112330,0.9772295
176047,0.9772282
165731,0.97722214
113630,0.97721964
196658,0.97721285
120808,0.9772115
79902,0.97721
153623,0.9772017
146954,0.97720057
94554,0.9771977
153063,0.9771942
112283,0.9771861
50300,0.97717994
146609,0.9771731
128269,0.97716653
75762,0.97716194
152129,0.9771598
93364,0.9771425
107468,0.97712404
108899,0.977106
73532,0.9771055
82023,0.9771029
176531,0.97708625
173323,0.97708195
171716,0.97707474
107657,0.9770585
133526,0.9770546
67967,0.97704905
83718,0.9770438
156128,0.97704166
80424,0.97704095
129342,0.97703844
166554,0.9770283
148518,0.9770273
127640,0.9770265
127650,0.977011
125353,0.9770083
121251,0.97700626
76422,0.9769817
108152,0.9769803
171777,0.9769596
22314,0.97695667
108388,0.976953
35748,0.9769507
85388,0.9769497
110024,0.9769483
130613,0.97694415
40865,0.9769422
166037,0.97691965
70547,0.97690535
116041,0.97690487
80326,0.9769032
102244,0.97689706
53499,0.97688884
84631,0.9768866
169037,0.9768769
159514,0.9768763
6800,0.9768718
144314,0.97686404
112910,0.97686255
84485,0.9768605
178805,0.9768563
127317,0.9768554
74086,0.9768444
86423,0.97682834
130393,0.9768222
48058,0.9768182
141766,0.9768162
87931,0.97681195
116000,0.97681195
97019,0.9768118
171292,0.9768077
7001,0.9768049
179086,0.9767988
103511,0.97679806
103012,0.9767825
126519,0.976768
134989,0.97676575
147971,0.97675395
99114,0.97675145
148157,0.97674835
103829,0.9767407
94221,0.9767287
61668,0.9767264
147015,0.9767095
54865,0.97670484
130459,0.9766923
79699,0.9766693
128189,0.9766683
104364,0.97666466
71759,0.9766616
22587,0.9766551
174288,0.9766514
72107,0.97664976
41244,0.976646
50448,0.97664386
157233,0.97664136
125318,0.97662246
87312,0.9766168
35564,0.9766127
45768,0.97660863
164870,0.9766052
120182,0.97659737
38253,0.9765912
111014,0.97658724
131689,0.9765787
113270,0.97657347
170754,0.97656244
64430,0.97656065
162034,0.9765594
55716,0.97655106
154148,0.97655016
99312,0.9765499
55501,0.9765394
105227,0.9765376
102374,0.9765245
45761,0.97651607
24286,0.97651607
130205,0.9765073
50047,0.9765049
82894,0.976499
98678,0.9764914
9421,0.9764705
77316,0.97646856
128831,0.97646296
120873,0.9764599
86945,0.97644967
110648,0.9764454
109316,0.9764449
128415,0.976443
92365,0.97643375
138894,0.97639537
88210,0.9763727
82917,0.97635186
152633,0.97634786
112814,0.9763422
76826,0.97633296
111837,0.9763243
76645,0.9763188
163195,0.9762972
130266,0.9762922
109921,0.97629195
108028,0.97628444
178180,0.976284
26218,0.97628164
36252,0.976264
93528,0.9762538
108665,0.9762498
113607,0.97624046
178653,0.9762224
135819,0.97621787
28002,0.97621435
49557,0.9762121
80556,0.9762117
192953,0.9762081
129496,0.9762062
60228,0.9762006
102210,0.9761973
65807,0.9761924
145348,0.97619003
178511,0.9761752
4627,0.9761648
95834,0.97616404
146866,0.9761623
80763,0.9761463
164328,0.97614175
128457,0.9761404
29658,0.9761286
130193,0.97612756
194070,0.97611076
87550,0.97609293
140821,0.97608745
32318,0.97607327
29660,0.9760667
155342,0.97606134
87127,0.976045
156809,0.97603816
132489,0.9760316
69952,0.97602344
97005,0.97602105
78451,0.97601366
129750,0.9760079
142535,0.97600424
51528,0.97599345
165424,0.9759891
77255,0.97598696
40827,0.9759853
66305,0.9759685
80098,0.9759637
83052,0.97595054
39347,0.9759301
132474,0.9759153
133886,0.9759019
102277,0.9759001
125762,0.97589624
41675,0.9758898
87375,0.9758857
64677,0.9758774
109682,0.9758589
74422,0.97585833
182975,0.975844
17804,0.9758424
98805,0.97584224
154547,0.97583634
135836,0.97582656
122912,0.97582054
50996,0.97580725
64682,0.975804
110270,0.9758026
94840,0.9758009
8501,0.9757996
15163,0.9757901
93099,0.975785
139063,0.97578454
92873,0.975777
25522,0.9757648
119008,0.9757565
156640,0.97574687
61287,0.97574097
113904,0.97572124
76705,0.9757184
76210,0.9757136
145993,0.97568685
128464,0.97568446
156021,0.9756682
127697,0.97566813
125729,0.975664
88883,0.97566223
121498,0.975658
181981,0.97565764
89417,0.97565496
81741,0.97564894
177663,0.97564733
111923,0.97564495
166431,0.97563326
138222,0.97562784
36489,0.9756178
183466,0.97560614
172380,0.97560424
87962,0.9756034
46708,0.9755992
41172,0.9755942
100168,0.9755932
80834,0.97558993
5925,0.9755883
55541,0.97558063
87754,0.9755795
121688,0.97557414
140599,0.9755608
69085,0.97555953
140893,0.97555727
31526,0.9755518
169659,0.9755469
109846,0.9755273
160156,0.9755196
43025,0.9755148
135568,0.97550505
71067,0.9755004
78876,0.9754871
86407,0.9754734
111044,0.97547114
85275,0.975468
92237,0.9754646
83788,0.9754589
31810,0.97545594
166428,0.97545403
55276,0.9754496
51796,0.9754439
155899,0.9754351
110841,0.9754326
56517,0.97543144
108276,0.975426
106616,0.9754152
107717,0.9754141
77081,0.97538644
63144,0.9753828
147722,0.97537714
136095,0.9753736
138117,0.9753514
102709,0.9753434
39862,0.975327
106649,0.9753229
106182,0.9753117
68413,0.97530884
134998,0.9753034
128151,0.9753014
97800,0.9752985
89366,0.97527814
38701,0.97526914
45906,0.97523516
135778,0.9752338
153054,0.9752329
132231,0.9752206
146841,0.9752101
162907,0.9751898
90393,0.97518605
108740,0.9751567
5439,0.97515124
58320,0.97514933
68501,0.97514296
141887,0.9751285
1627,0.9751242
15285,0.97511375
43793,0.97511214
49756,0.9751118
77901,0.9750753
192176,0.9750733
70670,0.9750718
133918,0.975064
107407,0.9750633
50929,0.9750611
87645,0.97505844
80774,0.9750577
55463,0.9750479
74031,0.9750463
53620,0.9750334
79891,0.9750317
162990,0.9750277
150177,0.97502184
148899,0.975008
56412,0.9749951
17207,0.97498417
89551,0.97497773
3162,0.97497255
135082,0.9749693
92126,0.97495973
169445,0.97495383
127072,0.9749425
84752,0.97493273
151418,0.97490907
27414,0.97489536
129044,0.9748892
154294,0.9748882
83258,0.9748873
66232,0.9748848
52160,0.974881
68912,0.97488064
38125,0.974878
7307,0.97487587
111666,0.9748756
2662,0.97487247
87805,0.9748635
93215,0.9748361
110780,0.97482294
104975,0.97482175
156519,0.9748214
50975,0.9748096
165474,0.97480804
163523,0.9748035
79163,0.9747899
164499,0.9747745
121053,0.97476983
124129,0.97476155
125789,0.9747516
125666,0.974741
174014,0.9747284
80414,0.9747253
146565,0.9747141
78186,0.9747035
137232,0.97469646
121640,0.9746961
75578,0.97469383
174130,0.9746883
93900,0.9746882
87183,0.97468567
144946,0.9746719
64781,0.9746626
89940,0.97465056
92802,0.97463983
66864,0.97463685
92874,0.974631
17371,0.97461945
119582,0.9746182
190426,0.97461367
180646,0.9746069
129817,0.97460675
28432,0.9745954
84922,0.97459
162837,0.97454095
91120,0.97452974
156801,0.97450835
67961,0.974498
79588,0.9744898
139671,0.97448164
82433,0.9744624
202492,0.9744621
122020,0.9744469
20501,0.9744275
147490,0.97442067
59281,0.9744179
99087,0.97441745
139240,0.9744118
179752,0.97440547
45226,0.97440535
130594,0.97440344
77232,0.974394
91720,0.97439235
139757,0.9743834
43634,0.974375
13628,0.97436935
69915,0.9743679
39409,0.97436124
117610,0.9743594
152961,0.97435343
81845,0.9743531
104445,0.97435045
146214,0.9743493
80163,0.9743465
133188,0.9743431
106801,0.974337
138322,0.97432965
127039,0.9743162
93942,0.97431445
177044,0.97430664
61340,0.97430474
76358,0.9742911
38124,0.97428256
124684,0.97423494
64260,0.9742187
147964,0.974207
63842,0.97418785
84844,0.97418445
165145,0.97417873
151819,0.97415924
89676,0.9741519
66844,0.9741415
76215,0.9741329
88994,0.9741246
120616,0.9741211
11407,0.974112
50673,0.97411114
67053,0.9740795
48655,0.9740674
140378,0.97406083
87227,0.9740529
72880,0.9740283
99944,0.9740251
126350,0.97401786
38059,0.9740063
177636,0.9739947
18419,0.9739923
131480,0.97399205
102774,0.97399026
116507,0.97399
61596,0.9739896
170188,0.97398674
87647,0.97398597
115735,0.97398067
17895,0.97397727
79138,0.97397316
31177,0.9739681
145664,0.97396266
109797,0.9739523
51192,0.9739469
85413,0.97394353
139421,0.97394174
87760,0.97392243
90836,0.97392017
75792,0.9739193
155441,0.9739105
94131,0.9739025
108102,0.97389853
40439,0.9738842
91835,0.97385263
183343,0.97384465
103282,0.9738434
173147,0.9738428
99876,0.9738415
80701,0.9738361
165212,0.9738347
109093,0.9738337
13161,0.973825
81996,0.9738217
84859,0.97381794
139780,0.97380936
134428,0.9738004
128374,0.97379106
183801,0.9737857
135047,0.97378176
167832,0.97375906
11704,0.9737551
66942,0.973749
110044,0.9737486
89512,0.9737447
22191,0.97373533
42941,0.9737316
51949,0.9737307
48325,0.9737298
171624,0.9737269
70693,0.973725
154934,0.9737225
86010,0.9737204
139460,0.973709
93182,0.97369653
95972,0.97368413
86099,0.9736718
85992,0.9736675
45964,0.9736496
89868,0.9736485
126989,0.9736472
17054,0.97361946
151389,0.9736169
176099,0.9736138
166454,0.97360736
136326,0.97359306
110289,0.97359246
110654,0.9735702
115889,0.97356457
128902,0.97356194
58173,0.973556
143056,0.97355515
99591,0.97354966
64328,0.97354525
119498,0.9735431
117091,0.9735411
82885,0.9735251
126456,0.9735233
97392,0.9735227
109508,0.97352105
135392,0.97351664
165380,0.97351474
113956,0.97350854
83293,0.9734962
169170,0.97349215
106517,0.97349167
128964,0.97349024
45774,0.9734861
90831,0.9734822
60521,0.9734765
95604,0.9734751
38355,0.97347414
24109,0.97347295
48710,0.97345924
129968,0.97345686
124809,0.9734562
10846,0.9734518
83631,0.9734431
120021,0.97343904
64194,0.97343737
113624,0.97343475
158961,0.9734274
191456,0.97341114
113333,0.9734013
130293,0.97338706
128424,0.97338605
65466,0.9733821
51659,0.9733662
45916,0.9733653
126814,0.9733609
80851,0.97334605
63135,0.9733454
127844,0.97334385
93487,0.9733419
60007,0.9733305
141664,0.9733165
99455,0.9733147
78422,0.97331446
123565,0.97331244
105413,0.97330856
127913,0.9732998
194153,0.9732991
175545,0.9732776
36261,0.973272
73910,0.97326297
107582,0.97326183
91362,0.97324216
17829,0.9732391
155821,0.9732248
6148,0.9732168
167503,0.9732161
85522,0.97320575
159610,0.9731889
93229,0.9731887
137515,0.9731873
133771,0.9731786
126959,0.9731775
43221,0.9731774
122565,0.9731603
134975,0.97315806
36593,0.97314984
122306,0.9731366
114897,0.9731269
123932,0.97312057
88866,0.97311515
125175,0.9730988
28693,0.97309405
182527,0.97309315
50105,0.973079
126223,0.9730652
93835,0.97306144
70538,0.9730531
173362,0.9730468
12108,0.973042
70397,0.9730401
109970,0.97303426
55505,0.97303176
30565,0.9730287
104719,0.97302747
37619,0.9730191
16295,0.9730162
99075,0.97301507
78623,0.97300875
105378,0.97300786
179047,0.97300476
119240,0.9730022
137272,0.97297716
39246,0.9729752
66866,0.9729661
120630,0.9729634
79718,0.9729339
58427,0.9729329
163888,0.9729283
65759,0.9729189
64402,0.97291505
94090,0.9728866
96825,0.9728828
94971,0.9728652
70942,0.9728573
48178,0.9728554
67493,0.972852
105540,0.97284555
155197,0.9728434
99483,0.9728377
58160,0.97283685
75993,0.9728335
54368,0.9728315
122254,0.97283036
96091,0.9728275
140992,0.97282404
60604,0.9728237
110262,0.972823
127206,0.97282076
23575,0.9728127
118568,0.97280777
126938,0.97279876
170876,0.97279376
72068,0.97278273
98031,0.97278106
37729,0.9727735
28145,0.9727683
163520,0.9727571
151617,0.97275496
24289,0.9727523
145074,0.97273165
177150,0.97271234
127462,0.9727113
159065,0.9726979
86965,0.97269577
41070,0.9726926
56032,0.97268254
147916,0.9726723
24767,0.97266996
53983,0.97266495
151221,0.9726634
171471,0.97264683
126213,0.9726457
71711,0.9726386
177256,0.9726282
13222,0.972628
130294,0.97261196
197530,0.97261095
126372,0.972606
91361,0.97259337
14184,0.9725742
199798,0.972571
162851,0.9725673
135432,0.972562
124082,0.9725513
145862,0.97254264
64808,0.9725381
86184,0.9725228
83777,0.97252005
94166,0.9725188
166777,0.9725165
92388,0.97251457
113916,0.9724999
117696,0.97249955
109229,0.97249806
168138,0.97249687
107748,0.97247994
39014,0.97246933
88548,0.97246575
153064,0.9724573
89288,0.97245324
195607,0.9724443
85530,0.97243214
82509,0.9724292
168595,0.9724114
113005,0.9724053
84469,0.9724033
122384,0.9723963
143369,0.97239417
171332,0.97238714
81202,0.972387
156902,0.9723795
89733,0.97235876
170952,0.97235423
130179,0.9723344
47543,0.9723078
112060,0.97229564
14790,0.9722953
139827,0.9722917
69805,0.9722816
125261,0.9722734
202504,0.9722583
192252,0.9722455
63542,0.97223693
98634,0.97223455
114056,0.97222745
147921,0.97222185
91365,0.97221684
98966,0.9722163
166354,0.97221315
107732,0.9722062
60128,0.9721458
114891,0.9721434
127165,0.9721306
77916,0.97212243
104051,0.972114
60318,0.9721138
60391,0.9720763
126993,0.9720753
7839,0.9720691
54905,0.9720632
158757,0.972023
55854,0.9720228
126619,0.97202116
13421,0.97202015
7041,0.9720171
32397,0.97200227
106448,0.972002
172746,0.9719738
102717,0.9719671
80160,0.9719607
128258,0.9719526
137064,0.9719508
39586,0.9719488
45290,0.97194844
130582,0.97194564
54490,0.9719439
47867,0.9719428
134523,0.97191745
181853,0.97191125
127047,0.9719087
163647,0.9718926
179365,0.97188336
88220,0.9718596
122953,0.9718512
138553,0.9718338
189348,0.97183156
183271,0.9718218
126804,0.97181064
151207,0.97180307
159335,0.971796
55851,0.9717889
78575,0.9717882
55418,0.9717743
92905,0.9717619
97742,0.97175705
140364,0.97173417
166114,0.9717217
143155,0.97171783
100923,0.9717075
104455,0.9717063
140796,0.9717058
105302,0.97170246
118013,0.971678
94238,0.9716707
94121,0.971669
31653,0.9716647
95964,0.97166294
120570,0.9716557
99934,0.9716358
84593,0.9716357
162442,0.97162884
91258,0.9716213
199257,0.9716186
99942,0.97160476
52087,0.9715849
52883,0.97158056
122729,0.9715783
122978,0.97157764
200647,0.9715769
116970,0.97155726
124453,0.9715547
107021,0.97154355
124081,0.97153825
80772,0.9715307
84960,0.9715182
124937,0.97150683
134170,0.9715044
50521,0.9715001
125955,0.9714986
115727,0.9714931
44918,0.97148347
98014,0.9714787
193460,0.971456
70069,0.9714514
87461,0.9714469
91511,0.97144055
162005,0.97139376
97118,0.97138274
89243,0.97138274
74241,0.97137445
125428,0.971369
80238,0.9713538
65156,0.97133046
69854,0.97132665
99420,0.971323
116633,0.97132283
117962,0.9713182
94683,0.97131705
166203,0.971312
154881,0.971306
120342,0.9712994
18275,0.9712766
151646,0.9712757
136078,0.97125006
36173,0.9712342
107209,0.9712337
92342,0.9712246
134616,0.9712072
133077,0.9711935
57057,0.9711925
146113,0.9711855
79709,0.9711736
171109,0.97116244
17918,0.9711565
45178,0.971143
128270,0.9711378
17603,0.97113466
156507,0.9711297
57271,0.9711131
70041,0.9711099
94000,0.9710981
166468,0.9710886
1394,0.9710831
175809,0.97104824
34664,0.9710442
126282,0.97100824
17311,0.9710008
193786,0.97099745
12627,0.9709927
125879,0.97098565
124685,0.9709852
183569,0.970981
65964,0.9709499
124289,0.9709467
88153,0.9709301
83408,0.970918
145359,0.9709171
41303,0.97091424
73057,0.9709046
123774,0.9708745
67245,0.97086114
93731,0.97085154
148016,0.97082716
29466,0.9708254
184749,0.9708053
89621,0.9708026
186984,0.9707978
194125,0.9707949
75493,0.97079134
151881,0.9707761
89043,0.97077227
119148,0.9707704
41588,0.9707675
192015,0.9707672
112946,0.97075576
127943,0.97075236
119197,0.9707509
80140,0.9707372
69599,0.97073495
30210,0.9707253
72476,0.97071594
117832,0.97070855
74978,0.9707078
36943,0.97070676
112440,0.9706924
192329,0.9706871
156691,0.97068554
49928,0.97065854
61085,0.9706514
163934,0.9706296
109272,0.9706175
55963,0.9706129
48546,0.9706087
97209,0.9706071
57213,0.9706048
139471,0.97059643
80817,0.97059095
136950,0.970587
6699,0.9705813
168128,0.9705751
98479,0.9705749
165203,0.9705705
35847,0.97056895
127767,0.97055525
94227,0.9705537
59997,0.9705503
55743,0.97054774
134161,0.9705411
77238,0.970525
107486,0.97051805
126271,0.9705046
38963,0.9705019
171717,0.97050035
85888,0.970499
165976,0.9704964
46130,0.97047406
117689,0.9704582
140120,0.9704523
81971,0.97044647
151470,0.9704461
10137,0.9704451
82819,0.9704342
89311,0.970416
120445,0.9704137
78892,0.97041166
55033,0.97040635
30070,0.97040313
125912,0.9704004
114803,0.9703854
76381,0.9703803
41854,0.97037774
150928,0.9703733
87073,0.97037226
79446,0.97036594
135948,0.97036225
68606,0.9703305
112483,0.9703293
50058,0.97028685
91240,0.97028434
31105,0.9702827
158361,0.9702736
87043,0.97026896
78352,0.97026604
172099,0.9702603
12121,0.9702545
41747,0.9702506
60464,0.97024566
114678,0.9702369
189164,0.9702294
34587,0.970214
24905,0.9702093
119176,0.9701902
87535,0.9701829
17026,0.9701741
177793,0.97016734
128078,0.97014666
104846,0.9701422
76463,0.9701361
135401,0.9701295
127258,0.9701257
17964,0.9701108
80631,0.9701039
63209,0.9701028
160808,0.9701011
65792,0.97009933
126964,0.9700978
59738,0.9700523
133653,0.97004896
132500,0.97004783
94172,0.9700454
123053,0.9700379
165358,0.97003424
106997,0.9700338
64969,0.97002304
48616,0.9700189
14942,0.9700153
66265,0.9700127
125962,0.9700117
31502,0.97000086
99912,0.9699948
88777,0.969986
135328,0.9699821
147088,0.96998054
95832,0.96997917
191962,0.9699649
193486,0.96996146
87002,0.96994597
98905,0.9699434
157407,0.969943
104075,0.969934
92340,0.96992636
127806,0.9699128
23069,0.96990305
180992,0.9699018
189061,0.9699009
102009,0.96988857
172663,0.96988636
103225,0.96988446
48590,0.9698822
5406,0.9698518
134585,0.9698332
127175,0.96983284
119884,0.9698308
66288,0.9698276
90454,0.9698271
91616,0.9698165
14721,0.9698139
98586,0.9698139
88491,0.96981347
88087,0.9698061
114874,0.9698046
166014,0.9697964
82862,0.96978295
26871,0.9697779
115317,0.96975267
45805,0.9697483
99850,0.9697381
159881,0.9697104
56748,0.969709
84310,0.9697019
164587,0.96970123
92022,0.96969014
195542,0.96968764
157772,0.9696872
161468,0.96968013
112716,0.96967894
109646,0.9696624
126910,0.9696582
197973,0.9696444
172814,0.9696395
171214,0.96962726
18408,0.9696154
57697,0.9696013
75290,0.96960056
27100,0.96960056
115665,0.9695981
49851,0.9695979
123904,0.96959573
113821,0.96957976
119479,0.96956563
145549,0.96956515
130609,0.9695645
141080,0.9695635
42360,0.9695532
70660,0.9695486
90932,0.9695282
187178,0.96951306
113177,0.9695109
3453,0.969504
151089,0.96950233
35047,0.96948797
96615,0.96948326
166022,0.9694812
71942,0.96947855
119609,0.96947587
113407,0.9694652
45346,0.96944416
69628,0.9694371
153110,0.9694305
160030,0.9694223
118848,0.96941906
147246,0.96941614
58293,0.9694139
163417,0.9694099
113165,0.9693982
104820,0.9693879
182214,0.969386
83425,0.9693793
142620,0.96935934
179464,0.9693524
66734,0.9693471
177123,0.9693425
16221,0.96933955
192027,0.96933794
24246,0.9693359
84345,0.96933305
111147,0.96933293
177398,0.96933234
134912,0.96931994
97913,0.9692947
178175,0.9692787
100369,0.9692751
192558,0.9692634
71206,0.969256
92719,0.96923673
181335,0.9692215
136945,0.96922123
84219,0.96920246
162720,0.96920145
113676,0.9691948
174775,0.9691859
55952,0.9691785
118498,0.96916527
59533,0.96914566
143190,0.9691264
167534,0.96912056
77764,0.9691095
54590,0.9691093
69978,0.9691074
92177,0.9690842
159526,0.96904814
111189,0.96904606
60477,0.9690235
159927,0.9690094
146639,0.96899545
50290,0.96899295
57280,0.96899265
117652,0.968978
76934,0.96897405
40107,0.96896845
96788,0.968967
114756,0.96895236
61685,0.9689426
15563,0.9689344
66849,0.9689339
78875,0.96893364
133572,0.9689265
162472,0.9689117
182454,0.9688845
18522,0.9688766
180938,0.9688709
8754,0.9688645
86678,0.96883774
28449,0.9688366
136186,0.9688315
62768,0.96882564
36362,0.96882486
68706,0.96881044
199143,0.9687979
100159,0.96879613
19267,0.9687931
154921,0.96878916
125132,0.96875304
36749,0.9687515
73863,0.96873784
119941,0.9687316
100911,0.9687283
59737,0.96871716
63027,0.96871555
65917,0.96869856
48904,0.96869725
27378,0.96868783
84123,0.96867853
41770,0.9686715
147690,0.9686692
60249,0.96866524
103224,0.9686642
57191,0.9686614
126382,0.968641
102425,0.968629
119163,0.96861947
192379,0.96861356
93458,0.96860933
76171,0.96860003
72661,0.96859163
55059,0.9685855
111290,0.96857095
8500,0.968549
91131,0.9685156
108195,0.9685056
162251,0.968501
11069,0.96849793
124389,0.9684738
60489,0.96847177
63452,0.9684696
146458,0.9684466
18081,0.9684409
66846,0.9684387
194543,0.9684383
113574,0.9684295
61772,0.9684235
128780,0.9684003
89744,0.96839887
90230,0.96839327
111237,0.9683841
88306,0.9683746
170397,0.96836644
93380,0.96834713
85602,0.96834487
17070,0.96833414
113090,0.9683311
38937,0.96832633
87779,0.9683216
133212,0.96832097
77469,0.9683188
164975,0.9683136
28651,0.968304
113864,0.9683027
97620,0.96829873
161722,0.96828985
143017,0.9682827
161297,0.9682768
114411,0.9682719
70554,0.9682673
103651,0.9682579
105829,0.9682558
69365,0.9682548
108906,0.96824753
85367,0.9682423
120758,0.96823466
119007,0.9682179
191322,0.96820575
124190,0.9682055
94284,0.9682017
5670,0.96814024
170947,0.96813554
106286,0.96813285
119885,0.96812403
62245,0.96812123
14238,0.96811754
133826,0.968117
178185,0.9681097
9794,0.9681078
124492,0.9680953
181016,0.96806794
103395,0.9680654
67945,0.9680586
4223,0.968042
122784,0.96804124
85487,0.9680337
87683,0.96802527
85457,0.9680025
46623,0.967974
164212,0.9679736
185648,0.96797067
46864,0.9679614
11107,0.96794754
128094,0.96794397
41091,0.9679432
114702,0.9679413
50691,0.9679396
56962,0.96793896
113037,0.967924
49953,0.9679197
44559,0.9679192
124572,0.96791786
10357,0.96791434
110118,0.9679074
151655,0.96790725
118847,0.9679015
176581,0.9678896
54762,0.967888
192058,0.9678879
172578,0.9678745
165248,0.9678724
191674,0.96786636
80009,0.96785027
108115,0.96785027
120231,0.96781015
132788,0.9678016
107730,0.9678009
94333,0.9677971
175075,0.96779364
87764,0.96778584
76757,0.96777993
177582,0.9677798
48111,0.96776396
111876,0.96774733
82640,0.96773183
86755,0.9677238
105527,0.96771204
90328,0.9677095
144756,0.967687
99552,0.96767944
129093,0.9676725
120299,0.96767163
13511,0.9676637
6073,0.96764505
176314,0.9676379
97521,0.96763325
112535,0.96762586
116798,0.96762574
120081,0.9676223
65306,0.96760386
76034,0.9675937
80201,0.96758544
55818,0.9675793
137506,0.9675698
89434,0.96756023
103817,0.9675422
14784,0.96753114
36992,0.96752745
57927,0.9675271
8789,0.9675268
83511,0.96752334
163592,0.9675067
57834,0.9675021
48842,0.9674845
134683,0.9674791
83984,0.9674627
185019,0.96744484
17615,0.96742034
112292,0.96741176
162204,0.9674096
192995,0.9674068
121866,0.96738195
136762,0.9673803
129102,0.96737736
83386,0.9673648
133354,0.967363
9826,0.96735775
65590,0.9673372
70287,0.9673333
144187,0.9673327
127168,0.9673294
47635,0.96732694
45302,0.9673148
68523,0.96730864
70677,0.9673031
120267,0.9672899
85107,0.96728146
11411,0.96727383
88423,0.9672645
104724,0.9672588
52610,0.96725065
113886,0.96724755
89975,0.96724486
139522,0.96724105
15524,0.9672298
84953,0.967228
86183,0.96722746
128414,0.967194
2406,0.96716434
109808,0.9671637
150770,0.9671475
126930,0.96714693
122597,0.9671408
176543,0.96713567
127889,0.967131
98850,0.9671295
145030,0.96712786
122833,0.9671226
4958,0.9671068
150114,0.9671018
122242,0.96708953
129685,0.9670883
50366,0.96708715
124312,0.9670708
13223,0.96706843
113957,0.967067
68980,0.967061
69956,0.967061
110309,0.96705866
43708,0.9670486
72902,0.9670484
116422,0.9670405
80897,0.96703756
53493,0.9670246
30018,0.96701664
86306,0.9670136
85877,0.9670106
156680,0.9669921
136488,0.96698606
106190,0.9669858
154696,0.9669825
192686,0.96697634
68899,0.96697605
168256,0.9669737
42857,0.96697193
123310,0.96697044
25077,0.9669685
129133,0.96696687
129891,0.96696174
133767,0.96695596
197443,0.9669493
132947,0.9669434
136826,0.9669434
129434,0.9669317
198103,0.9669279
141653,0.9669231
183200,0.9669163
42831,0.9669085
37429,0.9669039
163299,0.9669015
174567,0.9668766
157223,0.9668664
88183,0.9668657
113251,0.9668656
18371,0.9668618
37062,0.9668609
90351,0.9668473
48208,0.96684617
99333,0.9668424
89821,0.9668373
181000,0.9668328
152670,0.9668259
169108,0.9668063
127048,0.96678436
114877,0.9667836
15916,0.96676284
94856,0.9667612
114255,0.96674657
163731,0.966744
109342,0.9667419
84751,0.96672773
85229,0.96671605
6771,0.9666999
115733,0.96669745
94834,0.96668166
75678,0.9666803
98147,0.9666762
61435,0.96666694
175872,0.96666014
85900,0.96665
85387,0.96662617
45279,0.9665943
78104,0.9665927
140228,0.9665884
97387,0.9665874
193088,0.966579
92649,0.9665687
40853,0.9665632
106237,0.9665504
70899,0.9665358
15508,0.9665159
87561,0.9665081
68109,0.96649855
116602,0.9664833
162654,0.96647936
93861,0.9664776
62823,0.9664705
93853,0.9664673
79957,0.9664632
68803,0.9664555
192423,0.96645075
126691,0.96643674
2311,0.9664264
162461,0.9664233
201147,0.96642095
180408,0.96641827
44090,0.9664125
26476,0.9664125
76666,0.9664101
55810,0.9663982
57975,0.9663957
111592,0.9663509
158419,0.96634513
49630,0.9663286
119413,0.9663199
75348,0.9663196
57130,0.9663177
92840,0.96630603
129834,0.96628547
99220,0.9662634
139286,0.96625626
139752,0.9662547
98406,0.9662524
67298,0.9662487
99374,0.96624273
116832,0.9662288
139851,0.9662201
77016,0.9662076
78919,0.966205
134005,0.9661894
84939,0.96618575
1305,0.9661836
89328,0.9661728
37459,0.9661434
101994,0.9661266
68619,0.9661262
118073,0.96612173
108613,0.9661112
90730,0.96609503
93178,0.9660889
171772,0.9660878
138003,0.96608436
17242,0.966065
112340,0.96606344
114734,0.9660605
61211,0.9660593
128370,0.96601915
39660,0.9660188
108174,0.9659946
165651,0.965994
188668,0.965987
125097,0.96598154
45147,0.96597713
166443,0.96597636
168180,0.9659439
85381,0.96594363
88165,0.96593696
166973,0.9659308
115664,0.9659176
116078,0.96590257
153904,0.9658778
83315,0.96586066
97608,0.9658602
144560,0.965853
52807,0.9658436
7067,0.9658422
78726,0.96584064
166170,0.96584
138167,0.9658322
158410,0.96583164
193157,0.9658315
128390,0.9658162
122522,0.96581405
95995,0.96579117
128095,0.9657795
151013,0.9657723
99634,0.9657655
76373,0.9657646
93498,0.9657642
177154,0.96575457
94726,0.96574944
32368,0.9657468
149768,0.96573436
49354,0.96573013
124773,0.96572423
126675,0.96570724
168002,0.9656943
91227,0.965694
197218,0.9656933
194666,0.9656758
60011,0.96566784
35480,0.9656604
48557,0.96564454
65000,0.9656397
4164,0.96563894
120788,0.9656142
74571,0.9656086
95286,0.9655925
89499,0.96557707
127379,0.9655646
110442,0.9655604
95539,0.96555716
53675,0.9655438
73310,0.96553594
191363,0.96552527
161486,0.96550304
159490,0.96550024
56160,0.9654938
112273,0.96549237
120898,0.96548533
74043,0.9654795
45020,0.965465
196222,0.9654608
72608,0.96544605
61140,0.9654378
102276,0.96542567
120908,0.965421
100416,0.9654043
129878,0.9653926
134165,0.965389
95784,0.9653857
164684,0.96538514
175142,0.96538025
156577,0.9653751
122062,0.9653575
85015,0.96532404
95136,0.9653217
107913,0.9653207
54829,0.96531916
67556,0.9653035
109571,0.96530193
1823,0.9652637
82413,0.96525675
104130,0.9652483
127855,0.9652404
17129,0.9652354
93189,0.9652075
13760,0.9651963
14920,0.9651923
40742,0.9651781
78118,0.9651771
124940,0.9651648
159798,0.96514547
65690,0.96513677
126226,0.9651236
88586,0.9651213
35945,0.96511567
70836,0.9651128
12658,0.9650956
177085,0.9650849
111045,0.9650535
133392,0.9650445
77957,0.9650379
178542,0.96503675
92106,0.9650364
89264,0.96501935
123959,0.96500456
90653,0.965004
32850,0.9649953
30955,0.9649952
128334,0.9649948
47328,0.9649796
129807,0.96496147
137231,0.9649536
99621,0.96495193
80152,0.9649474
86157,0.964946
189967,0.9649366
106396,0.9649124
172337,0.96491057
100637,0.9649101
175563,0.96490633
174027,0.96488714
203683,0.964883
132996,0.96486217
147999,0.96485263
60652,0.964851
172077,0.9648443
141096,0.96483874
74248,0.96481496
119959,0.9648082
42542,0.96479654
88067,0.9647786
122105,0.96477294
48919,0.9647665
2557,0.9647517
141832,0.9647433
86220,0.96473897
167587,0.9647301
87213,0.9647229
169020,0.9647217
122807,0.9647147
78737,0.96469015
22482,0.96467865
97268,0.96465355
16451,0.9646438
15281,0.96462613
129529,0.96462417
89854,0.9645941
88164,0.9645832
85549,0.96458215
78166,0.9645748
3675,0.9645687
99385,0.964568
110455,0.9645657
64098,0.9645625
109865,0.9645454
61662,0.9645287
153647,0.96452034
124630,0.96451837
69270,0.96451527
41282,0.9645086
3309,0.9645041
121614,0.9644975
14823,0.96447843
126392,0.9644773
136054,0.964465
83604,0.96445316
91722,0.9644509
110691,0.96444696
151705,0.9644422
89794,0.96443105
137853,0.9644264
169347,0.96442354
38822,0.964417
182499,0.9644038
59323,0.9643997
37837,0.96439904
118575,0.9643957
115977,0.9643904
122745,0.9643756
157995,0.9643693
86276,0.96435434
114240,0.9643385
83446,0.96433294
115555,0.9643158
78449,0.96429074
106078,0.96428984
98503,0.96428376
80216,0.9642537
49578,0.9642406
118462,0.9642394
64419,0.9642295
79265,0.9642263
89693,0.9642246
154316,0.9642223
110728,0.9642035
12099,0.9641997
71004,0.9641884
85441,0.9641849
136251,0.9641789
110060,0.9641751
119388,0.96417356
148042,0.96416426
173213,0.9641206
79521,0.96411675
99291,0.9641156
149614,0.9641042
113480,0.9641001
25010,0.96408945
141163,0.96408725
40055,0.96408224
146079,0.9640743
165347,0.9640372
123390,0.96402854
189824,0.96402687
17975,0.9640202
180436,0.9640036
196444,0.9639972
136215,0.9639892
18024,0.9639822
148485,0.963963
174706,0.963959
109628,0.9639514
87053,0.96395046
75040,0.96394765
114290,0.96394247
134883,0.96394134
100113,0.96393836
135539,0.9639355
76453,0.9639193
150191,0.96391255
125907,0.9639004
18719,0.96389824
98620,0.9638417
152371,0.9638258
119634,0.9638142
83447,0.9638115
67782,0.9638061
64603,0.96379507
161368,0.96379197
95388,0.9637855
83510,0.96378034
168322,0.96377057
104446,0.96374875
113766,0.96374047
68750,0.96373326
15225,0.963733
133812,0.9637295
179527,0.96372604
95488,0.9637236
79983,0.9637166
170922,0.9637067
93496,0.9637067
70212,0.96370316
178546,0.9636972
98354,0.9636933
79860,0.9636922
63814,0.9636903
123131,0.96368873
86073,0.96368587
177441,0.96367747
70090,0.96367157
121888,0.96366096
63784,0.9636549
176132,0.96365476
79259,0.963648
81134,0.963644
172664,0.96364284
81701,0.96363187
140281,0.9635921
138609,0.9635857
68242,0.96358025
46772,0.9635797
100105,0.9635639
5600,0.96356213
161793,0.9635616
21296,0.9635513
111416,0.9635447
171012,0.96353734
127384,0.96353656
69335,0.96352905
84923,0.96352535
175233,0.96350735
114346,0.96350676
173617,0.96349704
94072,0.96348983
153128,0.9634623
141293,0.96346176
62440,0.9634481
98372,0.9634385
177643,0.9634362
7203,0.96343416
118315,0.9634305
178841,0.96342033
75353,0.9633972
68962,0.9633885
80179,0.96336704
128836,0.96336704
125895,0.9633627
195570,0.9633146
193727,0.96330893
122623,0.9632978
76704,0.96329236
13350,0.9632903
129532,0.96328795
83514,0.9632727
29429,0.9632717
161028,0.9632563
66489,0.963246
88387,0.9632337
82934,0.96320915
130449,0.96319824
94159,0.96319556
89316,0.9631928
169441,0.9631864
192548,0.96318173
63056,0.9631771
84139,0.9631749
85322,0.9631613
25889,0.9631579
99223,0.9631486
45060,0.9631426
91961,0.96313024
146468,0.96312845
112358,0.96311927
135248,0.9631133
113285,0.9631029
109779,0.9630991
190896,0.9630946
69039,0.9630894
73097,0.96307737
86457,0.9630718
135388,0.9630691
105406,0.9630498
93258,0.9630493
38654,0.9630432
87613,0.96303856
172386,0.96303225
62109,0.9630272
85290,0.9630244
81680,0.9630233
193578,0.9630172
3549,0.96301633
91555,0.9630157
132124,0.96301556
110055,0.96301126
130462,0.9630065
82767,0.9629994
102447,0.96299875
184619,0.9629901
15211,0.9629857
142301,0.96298087
58809,0.96296614
130803,0.9629636
87110,0.9629633
127853,0.9629598
13144,0.962954
128193,0.9629501
140327,0.96293974
77925,0.9629298
160889,0.96292657
117833,0.96291894
46275,0.9629099
177666,0.9629091
18931,0.96290237
197416,0.96289927
80251,0.96289915
169066,0.9628482
119598,0.9628399
102964,0.96283937
69324,0.96283704
69783,0.962836
85814,0.96283585
37963,0.9628238
123559,0.9628047
28762,0.96280223
82744,0.96279824
60636,0.96279293
187876,0.9627923
159858,0.9627875
1815,0.96277297
42781,0.9627643
83985,0.9627642
112604,0.962764
75945,0.96276236
85993,0.9627532
78137,0.9627429
161558,0.9627422
114822,0.96273804
143478,0.96272707
167225,0.9627252
148003,0.96271485
167309,0.9627123
160023,0.96270466
57892,0.96269417
97857,0.9626921
122975,0.9626586
107162,0.96264625
27040,0.96264124
83434,0.9626298
87711,0.9626142
29908,0.96261185
133553,0.96260494
176020,0.9626048
157953,0.9625954
81137,0.96258074
124471,0.96257675
90963,0.96257377
95237,0.96257323
130348,0.96256924
111130,0.9625679
196906,0.96256495
7996,0.96255344
87491,0.9625456
68900,0.9625244
113636,0.96252084
109211,0.96252084
25818,0.96250564
81929,0.9624852
171838,0.9624698
93585,0.9624662
4395,0.9624631
96819,0.962459
104286,0.9624577
125022,0.9624553
87208,0.9624491
138382,0.96244025
140799,0.9624175
90258,0.96241593
48917,0.96241087
113520,0.9623997
112149,0.96239555
159248,0.96238494
178910,0.96238065
138886,0.96234405
44986,0.9623365
171120,0.96233493
107392,0.9623308
128584,0.96232533
94518,0.9623208
58698,0.962319
156462,0.96231294
112103,0.96230876
126365,0.9623009
55772,0.962297
32463,0.9622923
186653,0.9622857
82198,0.9622835
85092,0.96227443
117418,0.96227396
86890,0.9622699
61051,0.96225125
116286,0.9622352
146469,0.96223205
140758,0.9621782
87879,0.96214277
121565,0.9621244
131916,0.96212435
36138,0.96210146
114924,0.96207863
154006,0.96207345
124460,0.9620644
174687,0.962062
158367,0.9620514
97542,0.9620396
168212,0.96203506
191965,0.9620141
37075,0.96200955
60962,0.9620094
85855,0.961995
79689,0.96199393
86397,0.9619916
135695,0.961966
13266,0.9619604
81829,0.96195364
120921,0.96194285
111709,0.9619417
72659,0.96194065
8698,0.9619325
157816,0.9619114
17875,0.9618943
5484,0.96188635
90779,0.9618679
83030,0.9618557
118950,0.961833
160215,0.961811
130276,0.96180487
87519,0.9618046
88655,0.9617966
89742,0.96179616
86415,0.96179384
114779,0.96177995
60900,0.96177995
144639,0.9617657
87304,0.96176535
168652,0.96175355
93503,0.9617513
127399,0.96173614
125877,0.961733
26093,0.961733
147355,0.961732
120017,0.961732
113541,0.9617303
64156,0.96171993
60253,0.96171397
127459,0.9616849
66789,0.9616774
93591,0.96167
111523,0.961657
108928,0.96165377
90418,0.96163714
68698,0.9616366
51009,0.9616249
70520,0.96158016
126556,0.96157837
114691,0.96155924
45740,0.961549
133360,0.9615425
57440,0.961542
115833,0.96153015
159196,0.9615192
160389,0.9615163
83783,0.96150565
61101,0.96149176
122184,0.9614588
42407,0.96144605
162980,0.96144605
162113,0.9614457
113363,0.9614323
127038,0.9614244
193941,0.9614071
77848,0.9613645
99462,0.9613644
80474,0.96136427
151561,0.96135086
66017,0.96134377
83147,0.9613395
165244,0.9613388
161422,0.96131676
81167,0.961301
174864,0.96129066
138085,0.96127945
99080,0.96124697
74543,0.9612419
177798,0.96123487
107081,0.96121037
41031,0.9612041
35682,0.9611979
88506,0.9611811
135750,0.9611759
123250,0.96117437
160213,0.9611661
109583,0.9611661
99371,0.96116465
84547,0.961164
132197,0.961161
29421,0.96115047
189677,0.96114475
111353,0.96113276
121411,0.9611256
101332,0.9611256
47952,0.96108
129732,0.9610798
182368,0.9610738
92334,0.9610735
177812,0.9610627
68121,0.9610591
124383,0.961054
50912,0.96102893
110427,0.9610283
129862,0.96102464
94260,0.9610135
114523,0.96099585
36129,0.9609958
11553,0.96099544
131631,0.96098864
148026,0.9609879
16078,0.96098566
111591,0.9609788
114297,0.9609741
84462,0.9609559
11131,0.9609398
67561,0.9609371
113503,0.9609351
24465,0.9609151
81426,0.9609125
109948,0.9609051
130235,0.9608912
84527,0.960874
67387,0.960854
98781,0.9608433
202584,0.9608422
122888,0.9608388
110352,0.9608366
12373,0.96083283
107792,0.96082914
86878,0.9608225
203687,0.96080923
122632,0.9607973
191108,0.96078783
142366,0.96078146
142207,0.9607644
145052,0.960764
203697,0.9607631
107210,0.96076024
38458,0.96074957
131295,0.9607457
58299,0.960741
127721,0.96073645
122689,0.9607247
173425,0.96071565
76108,0.9607128
182769,0.9607063
196897,0.96067035
20070,0.9606676
184527,0.9606649
168052,0.9606641
16287,0.9606619
103050,0.9606614
129392,0.960649
95833,0.9606438
98157,0.9606377
80189,0.9606368
69764,0.9606292
56053,0.9606224
20340,0.9606204
84289,0.9606157
174159,0.9606035
192873,0.96059906
176662,0.9605927
96437,0.96058464
152507,0.96056783
173141,0.9605588
95695,0.96054363
38674,0.9605374
87626,0.96052897
126212,0.96052545
94279,0.9605249
155954,0.9605248
101331,0.96049535
120268,0.960483
120750,0.96047807
118141,0.96047664
126995,0.9604609
175001,0.9604596
81086,0.9604398
121769,0.9604345
99213,0.9604278
122319,0.9604277
64505,0.96042395
135993,0.96040833
176690,0.9604044
91461,0.96039736
86090,0.9603966
64657,0.9603944
56444,0.96037
67414,0.9603655
129802,0.96035236
59807,0.96035206
47614,0.9603484
152390,0.9603413
97241,0.96033126
140280,0.9603226
84805,0.96031344
10711,0.9603065
196735,0.9603038
58308,0.9602983
111567,0.9602958
129296,0.9602917
62531,0.9602539
92416,0.9602419
186691,0.9602407
82264,0.96022826
181682,0.960225
52309,0.9602187
109612,0.9602175
177966,0.9601823
136117,0.9601552
63134,0.9601543
166690,0.96013004
128031,0.9601032
104800,0.960076
99134,0.9600597
95001,0.9600467
161642,0.96003234
102580,0.9600299
65194,0.9600274
96672,0.9600274
154081,0.9599909
112689,0.9599839
36175,0.9599716
119021,0.9599694
191952,0.95996886
114418,0.95996433
84642,0.95995563
78372,0.9599548
135165,0.95993316
112565,0.95992553
77269,0.95992535
122695,0.9599103
164634,0.95988655
94070,0.95985955
134213,0.95985645
74734,0.95983064
84222,0.95982724
72301,0.9598108
45131,0.9598077
79966,0.959791
71707,0.959784
119138,0.9597588
123995,0.9597462
80828,0.95973533
84664,0.95973337
41510,0.9597259
48777,0.9597092
102394,0.9596935
65485,0.9596889
126395,0.95968014
167580,0.95967585
74344,0.9596751
120659,0.95964456
12391,0.9596385
15255,0.9596382
24747,0.95963687
103147,0.9596351
115322,0.95961183
46459,0.9596114
100579,0.95960855
168505,0.95957494
96676,0.9595711
130593,0.95957065
134566,0.9595615
24313,0.9595607
122614,0.9595422
85819,0.9595345
132694,0.9595284
79895,0.95949996
66229,0.9594796
60248,0.95947933
97899,0.9594731
90883,0.9594719
82873,0.9594621
51249,0.9594588
50987,0.9594292
127996,0.9594279
148412,0.9594262
42793,0.9594222
139925,0.9593774
24590,0.9593765
36861,0.95937425
63415,0.9593594
101263,0.9593392
59622,0.9593388
78779,0.95932835
65440,0.959305
49829,0.95929545
10446,0.9592939
164466,0.9592917
193862,0.95928085
40651,0.9592759
164058,0.9592696
47775,0.9592652
126072,0.95925313
201901,0.95924705
172635,0.9592449
196899,0.95921963
203348,0.9592166
166071,0.95919794
83535,0.95919114
8290,0.95918113
71682,0.959177
89020,0.95915705
121444,0.9591435
117712,0.95913017
104358,0.9591252
162004,0.95912015
110344,0.959114
54117,0.959094
128495,0.95908946
121207,0.9590819
52463,0.95907897
138043,0.95907897
45076,0.959077
136164,0.959056
60171,0.9590419
126145,0.9590321
134911,0.9590292
174047,0.9590068
144157,0.95899373
70313,0.95898694
194227,0.9589638
113497,0.95895857
65025,0.95894927
188024,0.95893663
69955,0.958936
116046,0.95893365
109336,0.9588875
124853,0.95888567
45151,0.9588709
179364,0.9588697
194366,0.95886475
136220,0.9588574
155028,0.9588471
64976,0.95880455
17812,0.95879084
183412,0.9587818
163987,0.95874953
89045,0.9587419
65952,0.9587315
129302,0.95872325
150231,0.95871764
65525,0.9587111
161862,0.95868546
50686,0.9586698
68662,0.9586598
182320,0.95864844
97459,0.95863503
183846,0.95862687
116247,0.95862424
61581,0.9586231
15454,0.9586134
65732,0.95860744
127599,0.9586034
96719,0.95859694
11076,0.9585769
193765,0.9585412
68555,0.9585322
85936,0.9585156
115593,0.95851237
178255,0.95851207
91369,0.9585117
112349,0.95849586
77900,0.9584951
108094,0.9584942
178417,0.9584858
67151,0.95848304
83822,0.9584815
112582,0.9584535
109799,0.9584535
16175,0.9584505
94063,0.95844656
113998,0.9584382
28294,0.9584378
138078,0.9584262
39719,0.9584192
129831,0.9584067
148817,0.9584064
87785,0.95839226
114420,0.95839113
123095,0.95837617
144593,0.95836836
99396,0.9583593
195281,0.9583525
113994,0.9583501
137441,0.9583282
7166,0.95832527
166511,0.95831406
80610,0.95827216
62827,0.95826864
126741,0.95826274
30835,0.95826143
35931,0.95825297
65777,0.95825005
194367,0.9582484
179462,0.9582418
113253,0.9582393
12897,0.9582168
153194,0.958208
86432,0.95818657
83746,0.9581593
103674,0.9581383
115904,0.95812744
101493,0.9581245
127484,0.9581236
114099,0.95812154
108153,0.95809734
172005,0.95807374
109742,0.95806855
18068,0.95805526
7117,0.9580384
114457,0.958026
118429,0.95802057
134925,0.9580096
79583,0.9579748
60059,0.9579634
165157,0.95795655
83605,0.9579223
126340,0.95789933
90095,0.95788634
160201,0.9578805
46111,0.9578649
126780,0.95785296
76153,0.9578515
49056,0.957849
89701,0.95783657
53780,0.95783633
104359,0.95779765
101624,0.9577948
150421,0.95778024
166406,0.95777184
174378,0.9577705
99862,0.95776534
101618,0.9577564
67989,0.95774436
179754,0.95774215
156570,0.9577246
132137,0.9577234
93406,0.9577112
121813,0.95771044
118766,0.9577104
38934,0.9577091
155913,0.9577065
165749,0.9577014
107057,0.957677
141413,0.9576568
84030,0.9576378
119663,0.9576345
38055,0.9576184
78280,0.95760924
200839,0.9575875
120643,0.957542
16436,0.95753896
107638,0.9575272
170659,0.9575112
80373,0.9574994
142347,0.95749706
128665,0.9574969
136022,0.95748913
181017,0.957489
147510,0.95747906
109905,0.95747787
125527,0.9574677
86799,0.9574523
113200,0.9574481
127803,0.95744777
101965,0.9574382
102862,0.95741564
38024,0.9574007
165839,0.95739794
113154,0.9573878
11159,0.9573865
63769,0.9573835
123673,0.95738137
30893,0.9573807
90899,0.9573688
62803,0.9573666
129062,0.9573557
84724,0.9573545
79835,0.95735013
194688,0.95735
92067,0.9573466
18170,0.95733064
79990,0.9573275
108915,0.9573195
144331,0.9573144
102414,0.9573051
79866,0.9573003
157014,0.9572989
114004,0.95729166
75235,0.95729125
14567,0.95728475
91581,0.9572828
149469,0.9572801
161371,0.95727813
31320,0.95727813
135467,0.9572763
192461,0.9572709
96796,0.9572489
168303,0.957246
197825,0.95723826
126047,0.9572189
49136,0.9572127
84983,0.9572084
166837,0.957201
173276,0.9571939
75106,0.9571888
1671,0.9571846
169013,0.95717335
41114,0.95715755
86046,0.9571502
112670,0.9571098
126477,0.95710313
161456,0.9570991
61701,0.9570979
87903,0.9570887
113319,0.9570884
116473,0.9570811
64163,0.95706165
126735,0.95705247
177984,0.9570447
87214,0.9570228
86873,0.9570089
161461,0.9570074
129214,0.95700705
93301,0.9569981
66714,0.956967
173739,0.95695627
120456,0.9569541
98725,0.95695335
104799,0.9569288
128497,0.9569205
93905,0.95691
117654,0.95690715
145331,0.95690256
86735,0.95688534
13121,0.9568706
128789,0.95685303
138035,0.95684516
126303,0.95684254
51159,0.95683914
146542,0.95683664
53888,0.95682096
128787,0.9567904
144207,0.95677316
99885,0.95676494
158561,0.9567648
26925,0.9567558
97458,0.9567464
73981,0.9567442
12567,0.9567438
64160,0.9567268
107300,0.9567224
86066,0.95671576
92637,0.95671475
144483,0.9566928
66381,0.95669097
91766,0.9566891
173303,0.9566791
24502,0.9566455
144767,0.9566375
56014,0.95663196
105777,0.956624
55021,0.95660514
107022,0.9566048
17068,0.95659095
76321,0.95658386
182679,0.9565808
82442,0.95658034
64341,0.95657206
121877,0.9565698
4544,0.9565509
85207,0.95655066
84048,0.95654863
128650,0.9565434
134517,0.95653594
35783,0.95652944
102435,0.95652014
130675,0.9565188
146209,0.9565061
92125,0.9565007
113038,0.95648664
77908,0.9564836
25186,0.9564653
123503,0.95646465
55188,0.9564534
97152,0.95644903
36999,0.9564294
66830,0.95641416
93952,0.95641327
121977,0.9564008
129425,0.95639527
116514,0.95638555
96073,0.9563716
61767,0.9563662
72689,0.9563567
162848,0.95634097
197959,0.95633096
54615,0.9563231
106428,0.95630425
57567,0.9562868
60839,0.956286
130164,0.9562769
18151,0.9562693
73858,0.9562672
64932,0.95626163
114489,0.9562489
70398,0.9562483
80190,0.9562458
138392,0.9562044
126411,0.9561949
69041,0.95618457
121885,0.9561779
98067,0.95614946
34877,0.9561472
63491,0.95613986
163659,0.95613897
17787,0.9561378
167350,0.9561354
91818,0.95612866
140483,0.95611775
130013,0.9561109
112803,0.9561079
114904,0.9561013
154266,0.9561003
101295,0.9560996
138141,0.9560929
189613,0.95607436
103835,0.9560633
69054,0.9560396
17938,0.956026
55815,0.95602554
122303,0.9559988
40981,0.9559787
110441,0.95594996
11336,0.9559444
200323,0.9559408
156951,0.95593894
54839,0.95591784
77543,0.9559017
63458,0.9558901
89432,0.9558876
97582,0.9558773
115599,0.9558763
15781,0.95585036
58980,0.95584005
197328,0.9558398
115883,0.9558306
184253,0.9558225
83784,0.95580935
124919,0.9558017
90266,0.95577013
108567,0.95575947
126171,0.9557576
117061,0.9557401
109838,0.9557355
122633,0.9557002
124411,0.95569617
103983,0.9556889
97611,0.95567495
82579,0.9556727
116274,0.95566785
100206,0.95566016
125503,0.955657
127976,0.9556507
160944,0.9556433
88122,0.9556278
66228,0.95562196
89464,0.95561105
113141,0.9556075
68347,0.95558065
90479,0.9555789
17134,0.9555562
89585,0.95555174
3250,0.95554745
123676,0.95554703
113147,0.95553374
113274,0.95552886
73811,0.95552385
104847,0.9555107
123536,0.95550984
13166,0.9555093
179186,0.9554898
50332,0.9554886
147289,0.9554626
107533,0.9554619
9595,0.95544094
88997,0.9554353
99688,0.9554296
119966,0.95542246
12490,0.9554212
38139,0.9554184
144671,0.95540816
8569,0.9554026
124727,0.9554
99624,0.95539033
94045,0.95536554
130404,0.9553505
97390,0.95534265
57175,0.95533943
60577,0.9553326
63327,0.9553309
118144,0.95532954
109891,0.95532644
178784,0.9553148
166310,0.9553036
73204,0.9552971
147730,0.9552911
132050,0.95528644
159897,0.955285
147672,0.955285
52224,0.95527285
178063,0.9552677
93695,0.9552449
89716,0.9552311
19013,0.9552204
23346,0.9552142
105635,0.95520484
187758,0.95519286
88158,0.9551919
117227,0.9551795
47045,0.9551791
113518,0.9551624
196040,0.9551605
81528,0.95515186
123601,0.95515066
16906,0.9551443
128615,0.95514417
149783,0.95512414
136560,0.95511883
190014,0.9551145
116509,0.9551025
155510,0.95509696
92344,0.9550939
137875,0.9550902
172632,0.95508164
88993,0.9550654
35306,0.9550564
173224,0.9550552
127054,0.9550489
81248,0.955048
27301,0.9550294
142103,0.9550288
136193,0.9550253
69459,0.9550228
57995,0.95498246
21848,0.9549731
147026,0.95494354
128534,0.95493853
140368,0.954878
46173,0.9548766
67348,0.95482975
62014,0.9548129
115294,0.9547655
89554,0.9547581
102129,0.9547514
123594,0.95474815
192821,0.95474315
151061,0.9547403
177259,0.9547129
176896,0.95471203
72300,0.9547083
14158,0.95470196
84062,0.9546989
146638,0.9546972
106865,0.9546843
98102,0.95467436
75934,0.954656
118199,0.95465153
25482,0.95464814
195886,0.95464665
128764,0.95464337
68755,0.9546272
150608,0.954625
41666,0.9546048
14432,0.95459306
168912,0.9545832
30785,0.95458275
77442,0.954579
6261,0.95457226
109547,0.9545666
155512,0.9545657
95631,0.95455563
133740,0.9545514
118570,0.9545291
139395,0.954524
49673,0.9545167
140365,0.95451605
17963,0.95451236
114824,0.9545015
14631,0.954501
117704,0.9544999
98874,0.9544963
119522,0.9544697
27130,0.9544646
20551,0.9544418
13480,0.95442206
70206,0.9544141
90619,0.95440865
107987,0.95440423
78282,0.95439
122087,0.9543815
170781,0.95438063
174348,0.9543732
65824,0.95436275
121147,0.95435524
140590,0.9543473
62891,0.95434624
123767,0.95434225
133003,0.9543231
96202,0.95431083
189590,0.954307
58923,0.95430565
78563,0.9543049
135070,0.9542693
94972,0.9542655
126150,0.95425767
121332,0.9542549
127133,0.95425004
134355,0.954234
60012,0.9542199
70945,0.95421726
80780,0.9542139
163169,0.9541999
114840,0.9541757
180386,0.95417136
166637,0.9541423
110981,0.95412624
10424,0.9541067
43281,0.9540942
86303,0.9540936
54371,0.9540904
5453,0.9540792
113991,0.9540791
68026,0.95406294
39963,0.9540603
156035,0.95406
44076,0.9540469
99574,0.9540407
182559,0.9540382
46315,0.9539996
28050,0.95398885
13016,0.9539599
59732,0.9539444
150365,0.953944
14170,0.95393795
86904,0.95393777
104059,0.95392495
141770,0.9539206
43967,0.9539095
38997,0.9538829
135639,0.9538792
89866,0.9538731
52889,0.953867
122550,0.95385593
125102,0.9538541
94113,0.95384336
117191,0.95383793
128243,0.9538231
56189,0.953818
90911,0.9537975
80395,0.9537941
122011,0.9537851
139564,0.9537707
119815,0.95375574
88362,0.95374894
95152,0.95370793
161038,0.9537076
85603,0.9537052
167679,0.95368963
57660,0.95368767
182714,0.95368
90156,0.9536722
183469,0.95367193
141364,0.95366085
113443,0.95366067
42764,0.95365787
37859,0.9536498
78566,0.9536456
64326,0.95364535
126079,0.9536293
122716,0.95361936
90060,0.9536123
128301,0.953598
125049,0.95356894
190194,0.9535528
107359,0.9535521
107935,0.95353556
68387,0.95348233
121427,0.95347065
159967,0.95343965
84619,0.95342946
68192,0.9534199
17611,0.9534027
138900,0.95339525
37904,0.95338506
80785,0.95335597
139630,0.9533196
59999,0.95331633
129116,0.95331603
78481,0.9533159
176470,0.95329815
134424,0.9532926
91313,0.95328623
63370,0.9532817
36445,0.95325166
1064,0.95322037
203620,0.953213
168934,0.9532049
58744,0.95320183
69697,0.9531829
156373,0.95318234
44560,0.95317864
58703,0.9531659
30743,0.9531598
133759,0.95315874
95400,0.95313114
120035,0.953126
113094,0.95312506
138672,0.9531192
67507,0.9531138
128541,0.953104
97408,0.95309883
151829,0.95308465
166782,0.95308214
166531,0.9530709
85400,0.9530671
151494,0.95306206
123340,0.95305175
85206,0.95304316
1727,0.9530352
50903,0.9530125
141318,0.9530069
105293,0.95299923
163454,0.9529751
52191,0.95296556
113740,0.952954
122606,0.95295244
24531,0.9529397
80916,0.9529346
74536,0.9529264
76267,0.9529117
110058,0.95288384
140372,0.95288175
112705,0.9528505
85760,0.9528304
87197,0.952823
76558,0.95282257
88312,0.95280474
87426,0.9528028
64562,0.95278126
68754,0.95277905
173503,0.9527651
112270,0.9527637
105761,0.9527347
124342,0.95273006
102563,0.9527269
139857,0.95272
86245,0.95271707
129310,0.9527163
127550,0.95270765
63747,0.95269966
91036,0.9526949
10092,0.9526871
108940,0.9526811
128152,0.95266014
36713,0.9526498
53890,0.95264924
112845,0.9526422
107430,0.9526319
89240,0.95263135
121349,0.952579
70062,0.9525785
70983,0.9525576
135711,0.95254767
98641,0.9525443
132159,0.95252234
107824,0.9525083
176293,0.9524872
92479,0.9524836
131011,0.95247996
17899,0.952442
121370,0.9524276
84730,0.95242125
121115,0.9524205
141959,0.95241916
40787,0.9523929
110094,0.95235497
129424,0.95234305
135964,0.95233107
86204,0.9523263
118555,0.9523223
116567,0.9522967
178942,0.95228726
86920,0.95225483
158828,0.95223874
160157,0.95223784
115407,0.952224
127331,0.9522179
103867,0.9522146
155663,0.95216304
52333,0.9521624
118553,0.95212656
44817,0.9521245
45977,0.9521197
80048,0.9521047
197400,0.9520858
122855,0.95208114
77178,0.95207965
126174,0.95207703
120247,0.952074
58005,0.95207024
192235,0.9520629
101971,0.9520605
154255,0.9520475
171193,0.9520345
113115,0.9520321
114112,0.9519926
120592,0.95196533
124581,0.95196
163589,0.95194167
99963,0.9519413
123691,0.95189154
91211,0.9518843
30046,0.95188266
147829,0.9518747
15758,0.95184445
146035,0.95184207
66990,0.95182467
91333,0.95182294
59968,0.9518176
184760,0.95181346
82534,0.9518111
171590,0.9518076
115801,0.9517919
92745,0.9517884
86847,0.95178384
86861,0.95176667
30571,0.95176
70984,0.95176
118047,0.9517549
174163,0.9517545
99732,0.9517275
116515,0.9517167
80836,0.95171475
85346,0.95170665
172960,0.95169705
90585,0.9516836
151880,0.95168227
140267,0.9516803
14068,0.9516506
201757,0.9516434
107494,0.9516316
72918,0.95162785
118007,0.95161545
61809,0.95159924
114055,0.95159364
110472,0.95159274
187053,0.95158726
112699,0.9515778
108168,0.9515701
134341,0.95156705
80479,0.951565
121502,0.95154774
93006,0.9515384
8890,0.9515364
8977,0.9515267
54369,0.9515154
77785,0.95149225
129879,0.95148635
175306,0.95148546
78324,0.95148504
101222,0.95148265
128492,0.9514821
104077,0.95147836
92885,0.95147794
80529,0.951475
128494,0.9514631
101577,0.95146024
136163,0.9514517
159408,0.95141274
115434,0.9514042
78682,0.9513977
123117,0.95138985
38908,0.9513769
86237,0.9513664
113205,0.9513572
185612,0.9513551
165313,0.951355
57723,0.95132965
151616,0.9513193
192981,0.9513031
10094,0.9512797
154158,0.9512778
142198,0.95125955
88138,0.95123345
47224,0.95120895
62306,0.9512018
47912,0.9511836
65342,0.95118326
86405,0.9511726
101741,0.9511683
13014,0.9511067
124335,0.95110226
88261,0.9510954
172217,0.95109314
49883,0.9510853
200005,0.95106333
166901,0.9510573
120954,0.9510452
117550,0.9510361
127982,0.95099026
165870,0.9509899
156532,0.9509888
143600,0.9509296
178734,0.9509288
197156,0.95092255
83824,0.9509152
125977,0.95091385
16079,0.95083773
66646,0.95082057
174633,0.9508179
52388,0.9508016
80209,0.9507833
78904,0.9507777
11293,0.95077294
40753,0.9507537
84888,0.9507528
88727,0.95073694
177640,0.9507248
64097,0.9507097
118621,0.95069593
84539,0.9506946
83901,0.9506941
68404,0.95068634
166236,0.95065737
139571,0.9506456
3103,0.9506276
101859,0.95062125
29164,0.9506188
117739,0.9505969
149653,0.9505828
73499,0.9505814
83683,0.95056796
91056,0.95056236
128339,0.9505523
80976,0.95054823
82139,0.9505466
100533,0.95052713
111656,0.95052034
37412,0.95051557
150349,0.950509
145250,0.9505085
16787,0.9505065
161804,0.95048726
74833,0.95048714
105948,0.95047414
92204,0.95046186
102948,0.9504527
87741,0.95044893
86031,0.9504359
14370,0.95040727
99369,0.950399
165231,0.9503913
8797,0.95035654
56465,0.95034724
124494,0.95034415
110676,0.9503278
139719,0.9503221
80024,0.95031327
79479,0.95031327
95061,0.95029724
126891,0.95029527
121453,0.95028883
107164,0.95028526
190392,0.9502706
181834,0.9502381
86038,0.9502143
79785,0.950214
49249,0.950204
87534,0.950204
80962,0.9501885
101390,0.9501775
123955,0.95017076
74271,0.9501446
100012,0.950089
32580,0.95007765
74456,0.9500766
83242,0.9500626
60589,0.9500517
130113,0.95004493
85362,0.95004356
168284,0.9500388
185299,0.95003355
108865,0.95002276
64955,0.9500179
93878,0.950006
